得分,进攻篮板,防守篮板,篮板(总),助攻,抢断,盖帽,失误,个人犯规,投篮命中数,投篮出手数,投篮命中率,篮下命中数,篮下出手数,篮下命中率,中距离命中数,中距离出手数,中距离命中率,三分命中数,三分出手数,三分命中率,罚球命中数,罚球出手数,罚球命中率,playerId,playerName,playerEnName,number,上场时间(秒),plusMinus,gameStart,seasonId,teamId,时间段,_group
14,2,3,5,3,1,0,3,5,4,8,0.5,3,3,1,1,1,1,0,4,0,6,7,0.8571,28161,李青阳,Li Qingyang,1,2527,-2,1,200406,1003320452,全场,homeTeamDataCount
13,0,9,9,4,0,2,4,1,6,10,0.6,2,3,0.6667,4,7,0.5714,0,0,0,1,5,0.2,32090,张笑,,8,2401,-1,1,200406,1003320452,全场,homeTeamDataCount
9,1,2,3,2,0,0,5,4,3,12,0.25,3,6,0.5,0,4,0,0,2,0,3,4,0.75,22700,曹博怡,Cao Boyi,14,2325,4,1,200406,1003320452,全场,homeTeamDataCount
20,5,7,12,2,2,0,2,2,5,15,0.3333,2,5,0.4,3,7,0.4286,0,3,0,10,13,0.7692,80524,张梓涵,Zhang Zihan,7,2194,1,1,200406,1003320452,全场,homeTeamDataCount
0,0,0,0,0,0,0,1,1,0,0,0,0,0,0,0,0,0,0,0,0,0,0,0,32054,王翰轶,,10,327,-2,1,200406,1003320452,全场,homeTeamDataCount
4,0,3,3,0,0,0,3,2,1,3,0.3333,0,0,0,0,0,0,1,3,0.3333,1,2,0.5,35590,张书璇,Zhang Shuxuan,5,1579,1,0,200406,1003320452,全场,homeTeamDataCount
1,0,4,4,2,0,0,2,2,0,4,0,0,1,0,0,1,0,0,2,0,1,2,0.5,88490,李星诺,Li Xingnuo,11,1017,-1,0,200406,1003320452,全场,homeTeamDataCount
3,1,3,4,0,0,0,0,1,1,3,0.3333,0,0,0,0,0,0,1,3,0.3333,0,0,0,104527,毛婉如,,12,698,-4,0,200406,1003320452,全场,homeTeamDataCount
0,0,0,0,0,0,0,0,0,0,0,0,0,0,0,0,0,0,0,0,0,0,0,0,80520,李妍熹,Li Yanxi,9,325,-6,0,200406,1003320452,全场,homeTeamDataCount
0,0,1,1,0,0,0,1,2,0,0,0,0,0,0,0,0,0,0,0,0,0,0,0,80522,刘馨悦,Liu Xinyue,16,107,0,0,200406,1003320452,全场,homeTeamDataCount
,1,4,5,,,,3,0,,,,,,,,,,,,,,,,0,团队篮板/失误/犯规,,,,,,,1003320452,全场,homeTeamDataCount
64,10,36,46,13,3,2,24,20,20,55,0.3636,10,18,0.5556,8,20,0.4,2,17,0.1176,22,33,0.6667,,总和,,,,-2,,200406,1003320452,全场,homeTeamDataCount
20,0,7,7,1,3,0,4,2,9,21,0.4286,5,6,0.8333,4,11,0.3636,0,4,0,2,5,0.4,32005,王家绘,Wang Jiahui,11,2305,5,1,200406,1003320449,全场,awayTeamDataCount
19,3,3,6,2,1,0,0,2,6,19,0.3158,1,3,0.3333,3,7,0.4286,2,9,0.2222,5,7,0.7143,80550,伍湘琳,Wu Xianglin,10,2245,3,1,200406,1003320449,全场,awayTeamDataCount
6,2,2,4,0,1,0,1,3,2,8,0.25,2,4,0.5,0,3,0,0,1,0,2,2,1,32013,王雨桐,Wang Yutong,16,1635,7,1,200406,1003320449,全场,awayTeamDataCount
3,0,3,3,3,2,0,3,2,1,4,0.25,0,0,0,1,1,1,0,3,0,1,4,0.25,30097,钱媛媛,Qian Yuanyuan,3,1278,3,1,200406,1003320449,全场,awayTeamDataCount
6,3,4,7,0,0,0,0,5,1,2,0.5,0,0,0,1,1,1,0,1,0,4,6,0.6667,32006,李美潼,Li Meitong,13,1036,7,1,200406,1003320449,全场,awayTeamDataCount
6,0,2,2,2,1,0,0,3,2,7,0.2857,0,0,0,0,2,0,2,5,0.4,0,0,0,32012,李若莹,Li Ruoying,31,1481,-3,0,200406,1003320449,全场,awayTeamDataCount
0,0,1,1,3,1,0,0,2,0,2,0,0,0,0,0,1,0,0,1,0,0,0,0,80548,罗巧梅,Luo Qiaomei,7,1123,1,0,200406,1003320449,全场,awayTeamDataCount
2,0,2,2,0,1,0,1,1,1,4,0.25,1,1,1,0,3,0,0,0,0,0,0,0,80546,陈怡静,Chen Yijing,21,1069,-4,0,200406,1003320449,全场,awayTeamDataCount
4,3,1,4,1,0,0,0,5,1,1,1,1,1,1,0,0,0,0,0,0,2,2,1,30230,安恒瑶,An Hengyao,6,870,-6,0,200406,1003320449,全场,awayTeamDataCount
0,0,0,0,1,0,0,0,0,0,2,0,0,0,0,0,1,0,0,1,0,0,0,0,32001,王乔睿,Wang Qiaorui,9,324,-2,0,200406,1003320449,全场,awayTeamDataCount
0,0,0,0,0,0,0,0,0,0,0,0,0,0,0,0,0,0,0,0,0,0,0,0,76061,赵婧涵,Zhao Jinghan,1,134,-1,0,200406,1003320449,全场,awayTeamDataCount
,1,3,4,,,,2,2,,,,,,,,,,,,,,,,0,团队篮板/失误/犯规,,,,,,,1003320449,全场,awayTeamDataCount
66,12,28,40,13,10,0,11,27,23,70,0.3286,10,15,0.6667,9,30,0.3,4,25,0.16,16,26,0.6154,,总和,,,,2,,200406,1003320449,全场,awayTeamDataCount
4,0,0,0,2,1,0,0,1,1,2,0.5,1,1,1,0,0,0,0,1,0,2,2,1,28161,李青阳,Li Qingyang,1,600,1,1,200406,1003320452,Q1,homeTeamDataCount
0,0,1,1,1,0,0,1,0,0,0,0,0,0,0,0,0,0,0,0,0,0,0,0,32090,张笑,,8,600,1,1,200406,1003320452,Q1,homeTeamDataCount
12,0,4,4,0,1,0,0,1,5,6,0.8333,2,2,1,3,4,0.75,0,0,0,2,3,0.6667,80524,张梓涵,Zhang Zihan,7,600,1,1,200406,1003320452,Q1,homeTeamDataCount
0,1,0,1,2,0,0,1,0,0,3,0,0,0,0,0,2,0,0,1,0,0,0,0,22700,曹博怡,Cao Boyi,14,446,1,1,200406,1003320452,Q1,homeTeamDataCount
0,0,0,0,0,0,0,1,1,0,0,0,0,0,0,0,0,0,0,0,0,0,0,0,32054,王翰轶,,10,327,-2,1,200406,1003320452,Q1,homeTeamDataCount
1,0,1,1,0,0,0,0,0,0,1,0,0,0,0,0,0,0,0,1,0,1,2,0.5,88490,李星诺,Li Xingnuo,11,273,3,0,200406,1003320452,Q1,homeTeamDataCount
0,0,1,1,0,0,0,1,0,0,0,0,0,0,0,0,0,0,0,0,0,0,0,0,35590,张书璇,Zhang Shuxuan,5,154,0,0,200406,1003320452,Q1,homeTeamDataCount
,0,0,0,,,,1,0,,,,,,,,,,,,,,,,0,团队篮板/失误/犯规,,,,,,,1003320452,Q1,homeTeamDataCount
17,1,7,8,5,2,0,5,3,6,12,0.5,3,3,1,3,6,0.5,0,3,0,5,7,0.7143,,总和,,,,1,,200406,1003320452,Q1,homeTeamDataCount
0,1,1,2,0,0,0,0,0,0,2,0,0,1,0,0,0,0,0,1,0,0,0,0,32013,王雨桐,Wang Yutong,16,519,3,1,200406,1003320449,Q1,awayTeamDataCount
6,0,2,2,0,2,0,3,0,3,5,0.6,3,3,1,0,1,0,0,1,0,0,0,0,32005,王家绘,Wang Jiahui,11,505,4,1,200406,1003320449,Q1,awayTeamDataCount
6,0,0,0,0,0,0,0,0,2,3,0.6667,0,0,0,2,2,1,0,1,0,2,2,1,80550,伍湘琳,Wu Xianglin,10,505,4,1,200406,1003320449,Q1,awayTeamDataCount
0,0,1,1,1,1,0,1,1,0,1,0,0,0,0,0,0,0,0,1,0,0,0,0,30097,钱媛媛,Qian Yuanyuan,3,327,2,1,200406,1003320449,Q1,awayTeamDataCount
2,0,1,1,0,0,0,0,3,0,0,0,0,0,0,0,0,0,0,0,0,2,2,1,32006,李美潼,Li Meitong,13,272,-2,1,200406,1003320449,Q1,awayTeamDataCount
2,0,1,1,0,0,0,0,1,1,2,0.5,1,1,1,0,1,0,0,0,0,0,0,0,80546,陈怡静,Chen Yijing,21,328,1,0,200406,1003320449,Q1,awayTeamDataCount
0,0,0,0,1,0,0,0,1,0,0,0,0,0,0,0,0,0,0,0,0,0,0,0,80548,罗巧梅,Luo Qiaomei,7,273,-3,0,200406,1003320449,Q1,awayTeamDataCount
0,0,0,0,0,0,0,0,0,0,1,0,0,0,0,0,0,0,0,1,0,0,0,0,32001,王乔睿,Wang Qiaorui,9,95,-5,0,200406,1003320449,Q1,awayTeamDataCount
0,0,1,1,0,0,0,0,1,0,1,0,0,0,0,0,1,0,0,0,0,0,0,0,32012,李若莹,Li Ruoying,31,95,-5,0,200406,1003320449,Q1,awayTeamDataCount
0,0,0,0,0,0,0,0,0,0,0,0,0,0,0,0,0,0,0,0,0,0,0,0,30230,安恒瑶,An Hengyao,6,81,-4,0,200406,1003320449,Q1,awayTeamDataCount
,0,0,0,,,,0,0,,,,,,,,,,,,,,,,0,团队篮板/失误/犯规,,,,,,,1003320449,Q1,awayTeamDataCount
16,1,7,8,2,3,0,4,7,6,15,0.4,4,5,0.8,2,5,0.4,0,5,0,4,4,1,,总和,,,,-1,,200406,1003320449,Q1,awayTeamDataCount
2,0,1,1,0,0,0,0,1,1,2,0.5,0,0,0,1,1,1,0,1,0,0,0,0,28161,李青阳,Li Qingyang,1,600,-9,1,200406,1003320452,Q2,homeTeamDataCount
0,0,0,0,0,0,0,0,1,0,1,0,0,0,0,0,1,0,0,0,0,0,0,0,22700,曹博怡,Cao Boyi,14,456,-4,1,200406,1003320452,Q2,homeTeamDataCount
2,0,0,0,1,0,0,1,0,1,3,0.3333,0,0,0,1,3,0.3333,0,0,0,0,0,0,32090,张笑,,8,401,-7,1,200406,1003320452,Q2,homeTeamDataCount
3,0,1,1,0,0,0,1,1,0,2,0,0,0,0,0,0,0,0,2,0,3,4,0.75,80524,张梓涵,Zhang Zihan,7,385,-6,1,200406,1003320452,Q2,homeTeamDataCount
0,0,0,0,0,0,0,0,0,0,0,0,0,0,0,0,0,0,0,0,0,0,0,0,80520,李妍熹,Li Yanxi,9,325,-6,0,200406,1003320452,Q2,homeTeamDataCount
3,0,0,0,0,0,0,0,1,1,2,0.5,0,0,0,0,0,0,1,2,0.5,0,0,0,104527,毛婉如,,12,307,-5,0,200406,1003320452,Q2,homeTeamDataCount
0,0,2,2,1,0,0,1,0,0,1,0,0,0,0,0,1,0,0,0,0,0,0,0,88490,李星诺,Li Xingnuo,11,275,-3,0,200406,1003320452,Q2,homeTeamDataCount
0,0,0,0,0,0,0,1,0,0,0,0,0,0,0,0,0,0,0,0,0,0,0,0,35590,张书璇,Zhang Shuxuan,5,144,-5,0,200406,1003320452,Q2,homeTeamDataCount
0,0,1,1,0,0,0,1,2,0,0,0,0,0,0,0,0,0,0,0,0,0,0,0,80522,刘馨悦,Liu Xinyue,16,107,0,0,200406,1003320452,Q2,homeTeamDataCount
,0,2,2,,,,0,0,,,,,,,,,,,,,,,,0,团队篮板/失误/犯规,,,,,,,1003320452,Q2,homeTeamDataCount
10,0,7,7,2,0,0,5,6,3,11,0.2727,0,0,0,2,6,0.3333,1,5,0.2,3,4,0.75,,总和,,,,-9,,200406,1003320452,Q2,homeTeamDataCount
9,0,1,1,2,1,0,0,1,3,6,0.5,1,1,1,0,1,0,2,4,0.5,1,1,1,80550,伍湘琳,Wu Xianglin,10,511,7,1,200406,1003320449,Q2,awayTeamDataCount
2,0,0,0,0,0,0,1,0,1,1,1,1,1,1,0,0,0,0,0,0,0,0,0,32013,王雨桐,Wang Yutong,16,486,6,1,200406,1003320449,Q2,awayTeamDataCount
1,1,2,3,0,0,0,0,1,0,1,0,0,0,0,0,0,0,0,1,0,1,2,0.5,32006,李美潼,Li Meitong,13,454,7,1,200406,1003320449,Q2,awayTeamDataCount
0,0,1,1,0,0,0,0,2,0,1,0,0,0,0,0,0,0,0,1,0,0,0,0,32005,王家绘,Wang Jiahui,11,442,8,1,200406,1003320449,Q2,awayTeamDataCount
1,0,2,2,1,0,0,2,0,0,1,0,0,0,0,0,0,0,0,1,0,1,4,0.25,30097,钱媛媛,Qian Yuanyuan,3,371,6,1,200406,1003320449,Q2,awayTeamDataCount
0,0,0,0,1,0,0,0,0,0,1,0,0,0,0,0,1,0,0,0,0,0,0,0,32001,王乔睿,Wang Qiaorui,9,229,3,0,200406,1003320449,Q2,awayTeamDataCount
6,0,0,0,0,0,0,0,0,2,2,1,0,0,0,0,0,0,2,2,1,0,0,0,32012,李若莹,Li Ruoying,31,158,1,0,200406,1003320449,Q2,awayTeamDataCount
0,0,0,0,0,0,0,0,0,0,0,0,0,0,0,0,0,0,0,0,0,0,0,0,76061,赵婧涵,Zhao Jinghan,1,134,-1,0,200406,1003320449,Q2,awayTeamDataCount
0,0,0,0,0,0,0,0,2,0,0,0,0,0,0,0,0,0,0,0,0,0,0,0,30230,安恒瑶,An Hengyao,6,114,3,0,200406,1003320449,Q2,awayTeamDataCount
0,0,0,0,0,0,0,0,0,0,0,0,0,0,0,0,0,0,0,0,0,0,0,0,80548,罗巧梅,Luo Qiaomei,7,89,2,0,200406,1003320449,Q2,awayTeamDataCount
0,0,0,0,0,0,0,0,0,0,0,0,0,0,0,0,0,0,0,0,0,0,0,0,80546,陈怡静,Chen Yijing,21,12,3,0,200406,1003320449,Q2,awayTeamDataCount
,0,2,2,,,,0,0,,,,,,,,,,,,,,,,0,团队篮板/失误/犯规,,,,,,,1003320449,Q2,awayTeamDataCount
19,1,8,9,4,1,0,3,6,6,13,0.4615,2,2,1,0,2,0,4,9,0.4444,3,7,0.4286,,总和,,,,9,,200406,1003320449,Q2,awayTeamDataCount
4,0,1,1,0,0,0,2,1,1,3,0.3333,1,2,0.5,0,1,0,0,0,0,2,3,0.6667,22700,曹博怡,Cao Boyi,14,600,6,1,200406,1003320452,Q3,homeTeamDataCount
5,0,6,6,1,0,1,1,1,2,4,0.5,1,2,0.5,1,2,0.5,0,0,0,1,3,0.3333,32090,张笑,,8,600,6,1,200406,1003320452,Q3,homeTeamDataCount
3,2,2,4,1,1,0,0,0,0,2,0,0,1,0,0,1,0,0,0,0,3,4,0.75,80524,张梓涵,Zhang Zihan,7,543,7,1,200406,1003320452,Q3,homeTeamDataCount
4,1,1,2,1,0,0,1,1,2,2,1,2,2,1,0,0,0,0,0,0,0,0,0,28161,李青阳,Li Qingyang,1,427,6,1,200406,1003320452,Q3,homeTeamDataCount
1,0,1,1,0,0,0,0,0,0,0,0,0,0,0,0,0,0,0,0,0,1,2,0.5,35590,张书璇,Zhang Shuxuan,5,485,5,0,200406,1003320452,Q3,homeTeamDataCount
0,0,0,0,0,0,0,0,0,0,2,0,0,1,0,0,0,0,0,1,0,0,0,0,88490,李星诺,Li Xingnuo,11,288,1,0,200406,1003320452,Q3,homeTeamDataCount
0,0,0,0,0,0,0,0,0,0,0,0,0,0,0,0,0,0,0,0,0,0,0,0,104527,毛婉如,,12,57,-1,0,200406,1003320452,Q3,homeTeamDataCount
,1,0,1,,,,1,0,,,,,,,,,,,,,,,,0,团队篮板/失误/犯规,,,,,,,1003320452,Q3,homeTeamDataCount
17,4,11,15,3,1,1,5,3,5,13,0.3846,4,8,0.5,1,4,0.25,0,1,0,7,12,0.5833,,总和,,,,6,,200406,1003320452,Q3,homeTeamDataCount
0,2,0,2,0,0,0,0,1,0,6,0,0,2,0,0,2,0,0,2,0,0,0,0,80550,伍湘琳,Wu Xianglin,10,600,-6,1,200406,1003320449,Q3,awayTeamDataCount
5,0,1,1,0,0,0,0,0,2,5,0.4,0,0,0,2,4,0.5,0,1,0,1,2,0.5,32005,王家绘,Wang Jiahui,11,485,-7,1,200406,1003320449,Q3,awayTeamDataCount
2,0,0,0,1,1,0,0,1,1,2,0.5,0,0,0,1,1,1,0,1,0,0,0,0,30097,钱媛媛,Qian Yuanyuan,3,410,-3,1,200406,1003320449,Q3,awayTeamDataCount
0,0,0,0,0,0,0,0,2,0,2,0,0,1,0,0,1,0,0,0,0,0,0,0,32013,王雨桐,Wang Yutong,16,207,-3,1,200406,1003320449,Q3,awayTeamDataCount
2,0,1,1,0,0,0,0,1,1,1,1,0,0,0,1,1,1,0,0,0,0,0,0,32006,李美潼,Li Meitong,13,115,1,1,200406,1003320449,Q3,awayTeamDataCount
2,3,1,4,1,0,0,0,2,0,0,0,0,0,0,0,0,0,0,0,0,2,2,1,30230,安恒瑶,An Hengyao,6,393,-3,0,200406,1003320449,Q3,awayTeamDataCount
0,0,1,1,0,0,0,0,0,0,2,0,0,0,0,0,1,0,0,1,0,0,0,0,32012,李若莹,Li Ruoying,31,328,1,0,200406,1003320449,Q3,awayTeamDataCount
0,0,0,0,0,1,0,1,0,0,1,0,0,0,0,0,1,0,0,0,0,0,0,0,80546,陈怡静,Chen Yijing,21,272,-7,0,200406,1003320449,Q3,awayTeamDataCount
0,0,0,0,0,0,0,0,1,0,1,0,0,0,0,0,1,0,0,0,0,0,0,0,80548,罗巧梅,Luo Qiaomei,7,190,-3,0,200406,1003320449,Q3,awayTeamDataCount
,0,0,0,,,,0,1,,,,,,,,,,,,,,,,0,团队篮板/失误/犯规,,,,,,,1003320449,Q3,awayTeamDataCount
11,5,4,9,2,2,0,1,9,4,20,0.2,0,3,0,4,12,0.3333,0,5,0,3,4,0.75,,总和,,,,-6,,200406,1003320449,Q3,awayTeamDataCount
3,1,0,1,0,0,0,0,1,0,1,0,0,0,0,0,0,0,0,1,0,3,3,1,28161,李青阳,Li Qingyang,1,600,2,1,200406,1003320452,Q4,homeTeamDataCount
6,0,2,2,1,0,1,1,0,3,3,1,1,1,1,2,2,1,0,0,0,0,2,0,32090,张笑,,8,600,2,1,200406,1003320452,Q4,homeTeamDataCount
5,0,1,1,0,0,0,2,1,2,3,0.6667,2,3,0.6667,0,0,0,0,0,0,1,1,1,22700,曹博怡,Cao Boyi,14,523,3,1,200406,1003320452,Q4,homeTeamDataCount
0,2,0,2,1,0,0,1,0,0,4,0,0,2,0,0,1,0,0,1,0,0,0,0,80524,张梓涵,Zhang Zihan,7,441,-1,1,200406,1003320452,Q4,homeTeamDataCount
3,0,0,0,0,0,0,0,2,1,2,0.5,0,0,0,0,0,0,1,2,0.5,0,0,0,35590,张书璇,Zhang Shuxuan,5,600,2,0,200406,1003320452,Q4,homeTeamDataCount
0,0,1,1,0,0,0,0,0,0,0,0,0,0,0,0,0,0,0,0,0,0,0,0,104527,毛婉如,,12,159,3,0,200406,1003320452,Q4,homeTeamDataCount
0,0,0,0,1,0,0,0,0,0,0,0,0,0,0,0,0,0,0,0,0,0,0,0,88490,李星诺,Li Xingnuo,11,77,-1,0,200406,1003320452,Q4,homeTeamDataCount
,0,2,2,,,,0,0,,,,,,,,,,,,,,,,0,团队篮板/失误/犯规,,,,,,,1003320452,Q4,homeTeamDataCount
17,3,6,9,3,0,1,4,4,6,13,0.4615,3,6,0.5,2,3,0.6667,1,4,0.25,4,6,0.6667,,总和,,,,2,,200406,1003320452,Q4,homeTeamDataCount
9,0,1,1,1,1,0,0,0,4,6,0.6667,2,2,1,2,4,0.5,0,0,0,1,1,1,32005,王家绘,Wang Jiahui,11,573,-2,1,200406,1003320449,Q4,awayTeamDataCount
0,0,2,2,0,0,0,0,0,0,0,0,0,0,0,0,0,0,0,0,0,0,0,0,80550,伍湘琳,Wu Xianglin,10,329,-4,1,200406,1003320449,Q4,awayTeamDataCount
4,1,1,2,0,1,0,0,1,1,3,0.3333,1,1,1,0,2,0,0,0,0,2,2,1,32013,王雨桐,Wang Yutong,16,318,0,1,200406,1003320449,Q4,awayTeamDataCount
0,0,0,0,0,0,0,0,0,0,0,0,0,0,0,0,0,0,0,0,0,0,0,0,30097,钱媛媛,Qian Yuanyuan,3,170,-1,1,200406,1003320449,Q4,awayTeamDataCount
0,0,0,0,2,0,0,0,1,0,2,0,0,0,0,0,0,0,0,2,0,0,0,0,32012,李若莹,Li Ruoying,31,600,-2,0,200406,1003320449,Q4,awayTeamDataCount
0,0,1,1,0,0,0,0,0,0,1,0,0,0,0,0,1,0,0,0,0,0,0,0,80546,陈怡静,Chen Yijing,21,457,-1,0,200406,1003320449,Q4,awayTeamDataCount
2,0,0,0,0,0,0,0,1,1,1,1,1,1,1,0,0,0,0,0,0,0,0,0,30230,安恒瑶,An Hengyao,6,282,-2,0,200406,1003320449,Q4,awayTeamDataCount
0,0,0,0,1,0,0,0,0,0,0,0,0,0,0,0,0,0,0,0,0,0,0,0,80548,罗巧梅,Luo Qiaomei,7,271,2,0,200406,1003320449,Q4,awayTeamDataCount
,0,0,0,,,,2,0,,,,,,,,,,,,,,,,0,团队篮板/失误/犯规,,,,,,,1003320449,Q4,awayTeamDataCount
15,1,5,6,4,2,0,2,3,6,13,0.4615,4,4,1,2,7,0.2857,0,2,0,3,3,1,,总和,,,,-2,,200406,1003320449,Q4,awayTeamDataCount
6,0,1,1,2,1,0,0,2,2,4,0.5,1,1,1,1,1,1,0,2,0,2,2,1,28161,李青阳,Li Qingyang,1,1200,-8,1,200406,1003320452,H1,homeTeamDataCount
2,0,1,1,2,0,0,2,0,1,3,0.3333,0,0,0,1,3,0.3333,0,0,0,0,0,0,32090,张笑,,8,1001,-6,1,200406,1003320452,H1,homeTeamDataCount
15,0,5,5,0,1,0,1,2,5,8,0.625,2,2,1,3,4,0.75,0,2,0,5,7,0.7143,80524,张梓涵,Zhang Zihan,7,985,-5,1,200406,1003320452,H1,homeTeamDataCount
0,1,0,1,2,0,0,1,1,0,4,0,0,0,0,0,3,0,0,1,0,0,0,0,22700,曹博怡,Cao Boyi,14,902,-3,1,200406,1003320452,H1,homeTeamDataCount
0,0,0,0,0,0,0,1,1,0,0,0,0,0,0,0,0,0,0,0,0,0,0,0,32054,王翰轶,,10,327,-2,1,200406,1003320452,H1,homeTeamDataCount
1,0,3,3,1,0,0,1,0,0,2,0,0,0,0,0,1,0,0,1,0,1,2,0.5,88490,李星诺,Li Xingnuo,11,548,0,0,200406,1003320452,H1,homeTeamDataCount
0,0,0,0,0,0,0,0,0,0,0,0,0,0,0,0,0,0,0,0,0,0,0,0,80520,李妍熹,Li Yanxi,9,325,-6,0,200406,1003320452,H1,homeTeamDataCount
3,0,0,0,0,0,0,0,1,1,2,0.5,0,0,0,0,0,0,1,2,0.5,0,0,0,104527,毛婉如,,12,307,-5,0,200406,1003320452,H1,homeTeamDataCount
0,0,1,1,0,0,0,2,0,0,0,0,0,0,0,0,0,0,0,0,0,0,0,0,35590,张书璇,Zhang Shuxuan,5,298,-5,0,200406,1003320452,H1,homeTeamDataCount
0,0,1,1,0,0,0,1,2,0,0,0,0,0,0,0,0,0,0,0,0,0,0,0,80522,刘馨悦,Liu Xinyue,16,107,0,0,200406,1003320452,H1,homeTeamDataCount
,0,2,2,,,,1,0,,,,,,,,,,,,,,,,0,团队篮板/失误/犯规,,,,,,,1003320452,H1,homeTeamDataCount
27,1,14,15,7,2,0,10,9,9,23,0.3913,3,3,1,5,12,0.4167,1,8,0.125,8,11,0.7273,,总和,,,,-8,,200406,1003320452,H1,homeTeamDataCount
15,0,1,1,2,1,0,0,1,5,9,0.5556,1,1,1,2,3,0.6667,2,5,0.4,3,3,1,80550,伍湘琳,Wu Xianglin,10,1016,11,1,200406,1003320449,H1,awayTeamDataCount
2,1,1,2,0,0,0,1,0,1,3,0.3333,1,2,0.5,0,0,0,0,1,0,0,0,0,32013,王雨桐,Wang Yutong,16,1005,9,1,200406,1003320449,H1,awayTeamDataCount
6,0,3,3,0,2,0,3,2,3,6,0.5,3,3,1,0,1,0,0,2,0,0,0,0,32005,王家绘,Wang Jiahui,11,947,12,1,200406,1003320449,H1,awayTeamDataCount
3,1,3,4,0,0,0,0,4,0,1,0,0,0,0,0,0,0,0,1,0,3,4,0.75,32006,李美潼,Li Meitong,13,726,5,1,200406,1003320449,H1,awayTeamDataCount
1,0,3,3,2,1,0,3,1,0,2,0,0,0,0,0,0,0,0,2,0,1,4,0.25,30097,钱媛媛,Qian Yuanyuan,3,698,8,1,200406,1003320449,H1,awayTeamDataCount
0,0,0,0,1,0,0,0,1,0,0,0,0,0,0,0,0,0,0,0,0,0,0,0,80548,罗巧梅,Luo Qiaomei,7,362,-1,0,200406,1003320449,H1,awayTeamDataCount
2,0,1,1,0,0,0,0,1,1,2,0.5,1,1,1,0,1,0,0,0,0,0,0,0,80546,陈怡静,Chen Yijing,21,340,4,0,200406,1003320449,H1,awayTeamDataCount
0,0,0,0,1,0,0,0,0,0,2,0,0,0,0,0,1,0,0,1,0,0,0,0,32001,王乔睿,Wang Qiaorui,9,324,-2,0,200406,1003320449,H1,awayTeamDataCount
6,0,1,1,0,0,0,0,1,2,3,0.6667,0,0,0,0,1,0,2,2,1,0,0,0,32012,李若莹,Li Ruoying,31,253,-4,0,200406,1003320449,H1,awayTeamDataCount
0,0,0,0,0,0,0,0,2,0,0,0,0,0,0,0,0,0,0,0,0,0,0,0,30230,安恒瑶,An Hengyao,6,195,-1,0,200406,1003320449,H1,awayTeamDataCount
0,0,0,0,0,0,0,0,0,0,0,0,0,0,0,0,0,0,0,0,0,0,0,0,76061,赵婧涵,Zhao Jinghan,1,134,-1,0,200406,1003320449,H1,awayTeamDataCount
,0,2,2,,,,0,0,,,,,,,,,,,,,,,,0,团队篮板/失误/犯规,,,,,,,1003320449,H1,awayTeamDataCount
35,2,15,17,6,4,0,7,13,12,28,0.4286,6,7,0.8571,2,7,0.2857,4,14,0.2857,7,11,0.6364,,总和,,,,8,,200406,1003320449,H1,awayTeamDataCount
11,0,8,8,2,0,2,2,1,5,7,0.7143,2,3,0.6667,3,4,0.75,0,0,0,1,5,0.2,32090,张笑,,8,1200,8,1,200406,1003320452,H2,homeTeamDataCount
9,0,2,2,0,0,0,4,2,3,6,0.5,3,5,0.6,0,1,0,0,0,0,3,4,0.75,22700,曹博怡,Cao Boyi,14,1123,9,1,200406,1003320452,H2,homeTeamDataCount
7,2,1,3,1,0,0,1,2,2,3,0.6667,2,2,1,0,0,0,0,1,0,3,3,1,28161,李青阳,Li Qingyang,1,1027,8,1,200406,1003320452,H2,homeTeamDataCount
3,4,2,6,2,1,0,1,0,0,6,0,0,3,0,0,2,0,0,1,0,3,4,0.75,80524,张梓涵,Zhang Zihan,7,984,6,1,200406,1003320452,H2,homeTeamDataCount
4,0,1,1,0,0,0,0,2,1,2,0.5,0,0,0,0,0,0,1,2,0.5,1,2,0.5,35590,张书璇,Zhang Shuxuan,5,1085,7,0,200406,1003320452,H2,homeTeamDataCount
0,0,0,0,1,0,0,0,0,0,2,0,0,1,0,0,0,0,0,1,0,0,0,0,88490,李星诺,Li Xingnuo,11,365,0,0,200406,1003320452,H2,homeTeamDataCount
0,0,1,1,0,0,0,0,0,0,0,0,0,0,0,0,0,0,0,0,0,0,0,0,104527,毛婉如,,12,216,2,0,200406,1003320452,H2,homeTeamDataCount
,1,2,3,,,,1,0,,,,,,,,,,,,,,,,0,团队篮板/失误/犯规,,,,,,,1003320452,H2,homeTeamDataCount
34,7,17,24,6,1,2,9,7,11,26,0.4231,7,14,0.5,3,7,0.4286,1,5,0.2,11,18,0.6111,,总和,,,,8,,200406,1003320452,H2,homeTeamDataCount
14,0,2,2,1,1,0,0,0,6,11,0.5455,2,2,1,4,8,0.5,0,1,0,2,3,0.6667,32005,王家绘,Wang Jiahui,11,1058,-9,1,200406,1003320449,H2,awayTeamDataCount
0,2,2,4,0,0,0,0,1,0,6,0,0,2,0,0,2,0,0,2,0,0,0,0,80550,伍湘琳,Wu Xianglin,10,929,-10,1,200406,1003320449,H2,awayTeamDataCount
2,0,0,0,1,1,0,0,1,1,2,0.5,0,0,0,1,1,1,0,1,0,0,0,0,30097,钱媛媛,Qian Yuanyuan,3,580,-4,1,200406,1003320449,H2,awayTeamDataCount
4,1,1,2,0,1,0,0,3,1,5,0.2,1,2,0.5,0,3,0,0,0,0,2,2,1,32013,王雨桐,Wang Yutong,16,525,-3,1,200406,1003320449,H2,awayTeamDataCount
2,0,1,1,0,0,0,0,1,1,1,1,0,0,0,1,1,1,0,0,0,0,0,0,32006,李美潼,Li Meitong,13,115,1,1,200406,1003320449,H2,awayTeamDataCount
0,0,1,1,2,0,0,0,1,0,4,0,0,0,0,0,1,0,0,3,0,0,0,0,32012,李若莹,Li Ruoying,31,928,-1,0,200406,1003320449,H2,awayTeamDataCount
0,0,1,1,0,1,0,1,0,0,2,0,0,0,0,0,2,0,0,0,0,0,0,0,80546,陈怡静,Chen Yijing,21,729,-8,0,200406,1003320449,H2,awayTeamDataCount
4,3,1,4,1,0,0,0,3,1,1,1,1,1,1,0,0,0,0,0,0,2,2,1,30230,安恒瑶,An Hengyao,6,675,-5,0,200406,1003320449,H2,awayTeamDataCount
0,0,0,0,1,0,0,0,1,0,1,0,0,0,0,0,1,0,0,0,0,0,0,0,80548,罗巧梅,Luo Qiaomei,7,461,-1,0,200406,1003320449,H2,awayTeamDataCount
,0,0,0,,,,2,1,,,,,,,,,,,,,,,,0,团队篮板/失误/犯规,,,,,,,1003320449,H2,awayTeamDataCount
26,6,9,15,6,4,0,3,12,10,33,0.303,4,7,0.5714,6,19,0.3158,0,7,0,6,7,0.8571,,总和,,,,-8,,200406,1003320449,H2,awayTeamDataCount