_group,_leagueName,上场时间(秒),上场时间(分钟),出场次数,打法类型,得分,每回合得分,打法类型回合数,篮下出手数,篮下命中数,篮下未命中数,中距离出手数,中距离命中数,中距离未命中数,三分出手数,三分命中数,三分未命中数,失误,有效命中率,篮下比重,中距离比重,三分比重,失误占比,造罚球回合数,造罚球占比,球员ID,球员姓名,球员英文名,球衣号,年龄,sex,球队ID,球队名称,位置,身高,体重,位置(中文),赛事ID,赛事名称,赛季ID,赛季,年份,每100回合打法使用次数,每36分钟打法使用次数,每36分钟打法使用次数百分位排名,每100回合打法使用次数百分位排名,球员每回合得分百分位排名,有效命中率百分位排名,球员篮下出手占比百分位排名,球员中距离出手占比百分位排名,球员三分出手占比百分位排名,球员失误占比百分位排名,球员造罚球占比百分位排名
CUBAL一级联赛,CUBAL一级联赛,14869,247.8,18,Transition,33,1.4348,23,10,8,2,2,1,1,6,3,3,2,0.75,0.5556,0.1111,0.3333,0.087,3,0.1304,76061,赵婧涵,Zhao Jinghan,1,,,1003320449,北京大学,PF,,,大前锋,20005,CUBAL一级联赛,200406,2024-25,2024,4.8837,3.3414,26.73,29.72,98.39,93.55,46.54,33.87,71.66,80.18,74.88
CUBAL一级联赛,CUBAL一级联赛,14869,247.8,18,P&R-Ball-Handler,0,0,2,0,0,0,0,0,0,0,0,0,2,0,0,0,0,1,0,0,76061,赵婧涵,Zhao Jinghan,1,,,1003320449,北京大学,PF,,,大前锋,20005,CUBAL一级联赛,200406,2024-25,2024,0.4247,0.2906,,,,,,,,,
CUBAL一级联赛,CUBAL一级联赛,14869,247.8,18,Post-Up,15,1.25,12,6,5,1,2,2,0,0,0,0,4,0.875,0.75,0.25,0,0.3333,0,0,76061,赵婧涵,Zhao Jinghan,1,,,1003320449,北京大学,PF,,,大前锋,20005,CUBAL一级联赛,200406,2024-25,2024,2.548,1.7433,22.22,22.22,85.19,100,51.85,46.3,0,7.41,0
CUBAL一级联赛,CUBAL一级联赛,14869,247.8,18,Spot-Up,14,0.8235,17,0,0,0,3,1,2,13,4,9,1,0.4375,0,0.1875,0.8125,0.0588,0,0,76061,赵婧涵,Zhao Jinghan,1,,,1003320449,北京大学,PF,,,大前锋,20005,CUBAL一级联赛,200406,2024-25,2024,3.6097,2.4697,2.6,3.68,77.06,74.03,0,46.54,77.92,83.77,0
CUBAL一级联赛,CUBAL一级联赛,14869,247.8,18,Off-Screen,4,2,2,2,2,0,0,0,0,0,0,0,0,1,1,0,0,0,0,0,76061,赵婧涵,Zhao Jinghan,1,,,1003320449,北京大学,PF,,,大前锋,20005,CUBAL一级联赛,200406,2024-25,2024,0.4247,0.2906,,,,,,,,,
CUBAL一级联赛,CUBAL一级联赛,14869,247.8,18,Hand-Off,3,3,1,0,0,0,0,0,0,1,1,0,0,1.5,0,0,1,0,0,0,76061,赵婧涵,Zhao Jinghan,1,,,1003320449,北京大学,PF,,,大前锋,20005,CUBAL一级联赛,200406,2024-25,2024,0.2123,0.1453,,,,,,,,,
CUBAL一级联赛,CUBAL一级联赛,14869,247.8,18,Cut,31,1.55,20,10,9,1,7,4,3,0,0,0,1,0.764706,0.5882,0.4118,0,0.05,2,0.1,76061,赵婧涵,Zhao Jinghan,1,,,1003320449,北京大学,PF,,,大前锋,20005,CUBAL一级联赛,200406,2024-25,2024,4.2467,2.9056,27.62,33.05,99.16,97.49,64.44,35.56,0,78.66,68.62
CUBAL一级联赛,CUBAL一级联赛,14869,247.8,18,Put-Backs,14,1.2727,11,3,3,0,4,2,2,0,0,0,1,0.714286,0.4286,0.5714,0,0.0909,3,0.2727,76061,赵婧涵,Zhao Jinghan,1,,,1003320449,北京大学,PF,,,大前锋,20005,CUBAL一级联赛,200406,2024-25,2024,2.3357,1.5981,14.07,14.81,82.96,90.37,7.41,94.81,0,28.89,87.41
CUBAL一级联赛,CUBAL一级联赛,14869,247.8,18,Miscellaneous,2,0.5,4,1,1,0,0,0,0,0,0,0,3,1,1,0,0,0.75,0,0,76061,赵婧涵,Zhao Jinghan,1,,,1003320449,北京大学,PF,,,大前锋,20005,CUBAL一级联赛,200406,2024-25,2024,0.8493,0.5811,,,,,,,,,
CUBAL一级联赛,CUBAL一级联赛,16664,277.7,16,Transition,35,1,35,16,12,4,2,1,1,10,3,7,7,0.625,0.5714,0.0714,0.3571,0.2,0,0,30097,钱媛媛,Qian Yuanyuan,3,,,1003320449,北京大学,PG,,,控球后卫,20005,CUBAL一级联赛,200406,2024-25,2024,6.4884,4.5373,55.76,57.83,68.43,74.88,49.77,21.43,74.88,37.79,0
CUBAL一级联赛,CUBAL一级联赛,16664,277.7,16,P&R-Ball-Handler,2,0.3333,6,0,0,0,3,1,2,0,0,0,3,0.333333,0,1,0,0.5,0,0,30097,钱媛媛,Qian Yuanyuan,3,,,1003320449,北京大学,PG,,,控球后卫,20005,CUBAL一级联赛,200406,2024-25,2024,1.1123,0.7778,,,,,,,,,
CUBAL一级联赛,CUBAL一级联赛,16664,277.7,16,Spot-Up,38,1.0556,36,2,0,2,3,1,2,29,12,17,1,0.558824,0.0588,0.0882,0.8529,0.0278,1,0.0278,30097,钱媛媛,Qian Yuanyuan,3,,,1003320449,北京大学,PG,,,控球后卫,20005,CUBAL一级联赛,200406,2024-25,2024,6.6738,4.6669,31.17,32.47,94.37,91.99,32.47,20.35,84.85,93.51,44.59
CUBAL一级联赛,CUBAL一级联赛,16664,277.7,16,Off-Screen,5,0.4545,11,1,1,0,0,0,0,9,1,8,1,0.25,0.1,0,0.9,0.0909,0,0,30097,钱媛媛,Qian Yuanyuan,3,,,1003320449,北京大学,PG,,,控球后卫,20005,CUBAL一级联赛,200406,2024-25,2024,2.0392,1.426,22.06,23.53,16.18,16.18,48.53,0,83.82,39.71,0
CUBAL一级联赛,CUBAL一级联赛,16664,277.7,16,Cut,6,1.5,4,3,3,0,1,0,1,0,0,0,0,0.75,0.75,0.25,0,0,0,0,30097,钱媛媛,Qian Yuanyuan,3,,,1003320449,北京大学,PG,,,控球后卫,20005,CUBAL一级联赛,200406,2024-25,2024,0.7415,0.5185,,,,,,,,,
CUBAL一级联赛,CUBAL一级联赛,16664,277.7,16,Put-Backs,0,0,1,0,0,0,0,0,0,0,0,0,1,0,0,0,0,1,0,0,30097,钱媛媛,Qian Yuanyuan,3,,,1003320449,北京大学,PG,,,控球后卫,20005,CUBAL一级联赛,200406,2024-25,2024,0.1854,0.1296,,,,,,,,,
CUBAL一级联赛,CUBAL一级联赛,16664,277.7,16,Miscellaneous,3,0.375,8,0,0,0,1,1,0,1,0,1,5,0.5,0,0.5,0.5,0.625,1,0.125,30097,钱媛媛,Qian Yuanyuan,3,,,1003320449,北京大学,PG,,,控球后卫,20005,CUBAL一级联赛,200406,2024-25,2024,1.4831,1.0371,,,,,,,,,
CUBAL一级联赛,CUBAL一级联赛,11301,188.4,16,Transition,20,1.1765,17,10,8,2,4,2,2,0,0,0,3,0.714286,0.7143,0.2857,0,0.1765,0,0,31999,贾晋文,Jia Jinwen,4,,,1003320449,北京大学,C,,,中锋,20005,CUBAL一级联赛,200406,2024-25,2024,4.5215,3.2484,24.65,23.5,86.87,89.86,73.27,73.27,0,45.62,0
CUBAL一级联赛,CUBAL一级联赛,11301,188.4,16,Post-Up,2,0.25,8,4,1,3,2,0,2,0,0,0,2,0.166667,0.6667,0.3333,0,0.25,0,0,31999,贾晋文,Jia Jinwen,4,,,1003320449,北京大学,C,,,中锋,20005,CUBAL一级联赛,200406,2024-25,2024,2.1278,1.5287,,,,,,,,,
CUBAL一级联赛,CUBAL一级联赛,11301,188.4,16,Spot-Up,0,0,2,0,0,0,0,0,0,1,0,1,0,0,0,0,1,0,1,0.5,31999,贾晋文,Jia Jinwen,4,,,1003320449,北京大学,C,,,中锋,20005,CUBAL一级联赛,200406,2024-25,2024,0.5319,0.3822,,,,,,,,,
CUBAL一级联赛,CUBAL一级联赛,11301,188.4,16,Off-Screen,0,0,1,1,0,1,0,0,0,0,0,0,0,0,1,0,0,0,0,0,31999,贾晋文,Jia Jinwen,4,,,1003320449,北京大学,C,,,中锋,20005,CUBAL一级联赛,200406,2024-25,2024,0.266,0.1911,,,,,,,,,
CUBAL一级联赛,CUBAL一级联赛,11301,188.4,16,Cut,45,1.125,40,17,11,6,13,6,7,0,0,0,3,0.566667,0.5667,0.4333,0,0.075,7,0.175,31999,贾晋文,Jia Jinwen,4,,,1003320449,北京大学,C,,,中锋,20005,CUBAL一级联赛,200406,2024-25,2024,10.6389,7.6433,92.47,92.47,84.52,78.24,59.41,40.17,0,65.27,91.21
CUBAL一级联赛,CUBAL一级联赛,11301,188.4,16,P&R-Roll-Man,0,0,2,2,0,2,0,0,0,0,0,0,0,0,1,0,0,0,0,0,31999,贾晋文,Jia Jinwen,4,,,1003320449,北京大学,C,,,中锋,20005,CUBAL一级联赛,200406,2024-25,2024,0.5319,0.3822,,,,,,,,,
CUBAL一级联赛,CUBAL一级联赛,11301,188.4,16,Put-Backs,19,1.1176,17,13,6,7,3,2,1,0,0,0,0,0.5,0.8125,0.1875,0,0,1,0.0588,31999,贾晋文,Jia Jinwen,4,,,1003320449,北京大学,C,,,中锋,20005,CUBAL一级联赛,200406,2024-25,2024,4.5215,3.2484,75.56,73.33,58.52,42.96,60,42.96,0,100,17.78
CUBAL一级联赛,CUBAL一级联赛,11301,188.4,16,Miscellaneous,0,0,3,1,0,1,0,0,0,0,0,0,2,0,1,0,0,0.6667,0,0,31999,贾晋文,Jia Jinwen,4,,,1003320449,北京大学,C,,,中锋,20005,CUBAL一级联赛,200406,2024-25,2024,0.7979,0.5732,,,,,,,,,
CUBAL一级联赛,CUBAL一级联赛,9000,150,12,Transition,8,1,8,3,2,1,4,2,2,0,0,0,1,0.571429,0.4286,0.5714,0,0.125,0,0,31999,贾晋文,Jia Jinwen,4,,,1003320449,北京大学,C,,,中锋,20005,CUBAL一级联赛,200267,2023-24,2023,2.6967,1.92,,,,,,,,,
CUBAL一级联赛,CUBAL一级联赛,9000,150,12,Post-Up,8,0.8889,9,4,3,1,2,0,2,0,0,0,1,0.5,0.6667,0.3333,0,0.1111,2,0.2222,31999,贾晋文,Jia Jinwen,4,,,1003320449,北京大学,C,,,中锋,20005,CUBAL一级联赛,200267,2023-24,2023,3.0338,2.16,,,,,,,,,
CUBAL一级联赛,CUBAL一级联赛,9000,150,12,Off-Screen,0,0,1,0,0,0,1,0,1,0,0,0,0,0,0,1,0,0,0,0,31999,贾晋文,Jia Jinwen,4,,,1003320449,北京大学,C,,,中锋,20005,CUBAL一级联赛,200267,2023-24,2023,0.3371,0.24,,,,,,,,,
CUBAL一级联赛,CUBAL一级联赛,9000,150,12,Cut,27,0.9643,28,10,9,1,10,3,7,0,0,0,6,0.6,0.5,0.5,0,0.2143,2,0.0714,31999,贾晋文,Jia Jinwen,4,,,1003320449,北京大学,C,,,中锋,20005,CUBAL一级联赛,200267,2023-24,2023,9.4384,6.72,92.93,92.42,64.14,83.84,55.56,42.93,0,9.6,45.96
CUBAL一级联赛,CUBAL一级联赛,9000,150,12,P&R-Roll-Man,0,0,1,0,0,0,0,0,0,0,0,0,0,0,0,0,0,0,1,1,31999,贾晋文,Jia Jinwen,4,,,1003320449,北京大学,C,,,中锋,20005,CUBAL一级联赛,200267,2023-24,2023,0.3371,0.24,,,,,,,,,
CUBAL一级联赛,CUBAL一级联赛,9000,150,12,Put-Backs,8,0.8,10,3,2,1,6,2,4,0,0,0,1,0.444444,0.3333,0.6667,0,0.1,0,0,31999,贾晋文,Jia Jinwen,4,,,1003320449,北京大学,C,,,中锋,20005,CUBAL一级联赛,200267,2023-24,2023,3.3709,2.4,59.79,56.7,23.71,36.08,3.09,96.91,0,25.77,0
CUBAL一级联赛,CUBAL一级联赛,9000,150,12,Miscellaneous,4,1,4,2,2,0,0,0,0,0,0,0,2,1,1,0,0,0.5,0,0,31999,贾晋文,Jia Jinwen,4,,,1003320449,北京大学,C,,,中锋,20005,CUBAL一级联赛,200267,2023-24,2023,1.3483,0.96,,,,,,,,,
CUBAL一级联赛,CUBAL一级联赛,543,9.1,2,Transition,0,0,1,0,0,0,0,0,0,0,0,0,0,0,0,0,0,0,1,1,31999,贾晋文,Jia Jinwen,4,,,1003320449,北京大学,C,,,中锋,20005,CUBAL一级联赛,200069,2022-23,2022,5.4044,3.956,,,,,,,,,
CUBAL一级联赛,CUBAL一级联赛,8378,139.6,9,Transition,24,1.0435,23,6,5,1,4,2,2,7,3,4,5,0.676471,0.3529,0.2353,0.4118,0.2174,1,0.0435,92972,蔡雨昕,Cai Yuxin,5,,,1003320449,北京大学,SG,,,得分后卫,20005,CUBAL一级联赛,200406,2024-25,2024,8.5102,5.9312,76.73,78.8,73.96,85.71,16.36,65.21,83.64,31.11,32.95
CUBAL一级联赛,CUBAL一级联赛,8378,139.6,9,P&R-Ball-Handler,0,0,2,0,0,0,1,0,1,1,0,1,0,0,0,0.5,0.5,0,0,0,92972,蔡雨昕,Cai Yuxin,5,,,1003320449,北京大学,SG,,,得分后卫,20005,CUBAL一级联赛,200406,2024-25,2024,0.74,0.5158,,,,,,,,,
CUBAL一级联赛,CUBAL一级联赛,8378,139.6,9,Spot-Up,33,1.0313,32,0,0,0,0,0,0,27,11,16,5,0.611111,0,0,1,0.1563,0,0,92972,蔡雨昕,Cai Yuxin,5,,,1003320449,北京大学,SG,,,得分后卫,20005,CUBAL一级联赛,200406,2024-25,2024,11.8403,8.2521,85.28,85.93,92.86,96.75,0,0,100,36.58,0
CUBAL一级联赛,CUBAL一级联赛,8378,139.6,9,Off-Screen,0,0,5,0,0,0,2,0,2,3,0,3,0,0,0,0.4,0.6,0,0,0,92972,蔡雨昕,Cai Yuxin,5,,,1003320449,北京大学,SG,,,得分后卫,20005,CUBAL一级联赛,200406,2024-25,2024,1.8501,1.2894,,,,,,,,,
CUBAL一级联赛,CUBAL一级联赛,8378,139.6,9,Put-Backs,2,2,1,0,0,0,1,1,0,0,0,0,0,1,0,1,0,0,0,0,92972,蔡雨昕,Cai Yuxin,5,,,1003320449,北京大学,SG,,,得分后卫,20005,CUBAL一级联赛,200406,2024-25,2024,0.37,0.2579,,,,,,,,,
CUBAL一级联赛,CUBAL一级联赛,8378,139.6,9,Miscellaneous,3,0.75,4,0,0,0,0,0,0,1,1,0,3,1.5,0,0,1,0.75,0,0,92972,蔡雨昕,Cai Yuxin,5,,,1003320449,北京大学,SG,,,得分后卫,20005,CUBAL一级联赛,200406,2024-25,2024,1.48,1.0315,,,,,,,,,
CUBAL一级联赛,CUBAL一级联赛,585,9.8,1,Transition,2,1,2,0,0,0,1,1,0,0,0,0,0,1,0,1,0,0,1,0.5,92972,蔡雨昕,Cai Yuxin,15,,,1003320449,北京大学,PG,,,控球后卫,20005,CUBAL一级联赛,200267,2023-24,2023,11.8702,7.3469,,,,,,,,,
CUBAL一级联赛,CUBAL一级联赛,585,9.8,1,Spot-Up,0,0,1,0,0,0,0,0,0,1,0,1,0,0,0,0,1,0,0,0,92972,蔡雨昕,Cai Yuxin,15,,,1003320449,北京大学,PG,,,控球后卫,20005,CUBAL一级联赛,200267,2023-24,2023,5.9351,3.6735,,,,,,,,,
CUBAL一级联赛,CUBAL一级联赛,585,9.8,1,Cut,0,0,1,0,0,0,0,0,0,0,0,0,1,0,0,0,0,1,0,0,92972,蔡雨昕,Cai Yuxin,15,,,1003320449,北京大学,PG,,,控球后卫,20005,CUBAL一级联赛,200267,2023-24,2023,5.9351,3.6735,,,,,,,,,
CUBAL一级联赛,CUBAL一级联赛,7346,122.4,11,Transition,5,0.7143,7,2,2,0,3,0,3,0,0,0,1,0.4,0.4,0.6,0,0.1429,1,0.1429,30230,安恒瑶,An Hengyao,6,,,1003320449,北京大学,C,,,中锋,20005,CUBAL一级联赛,200406,2024-25,2024,2.9369,2.0588,,,,,,,,,
CUBAL一级联赛,CUBAL一级联赛,7346,122.4,11,Post-Up,13,1.0833,12,7,5,2,1,1,0,0,0,0,3,0.75,0.875,0.125,0,0.25,1,0.0833,30230,安恒瑶,An Hengyao,6,,,1003320449,北京大学,C,,,中锋,20005,CUBAL一级联赛,200406,2024-25,2024,5.0348,3.5294,68.52,72.22,66.67,96.3,66.67,27.78,0,20.37,35.19
CUBAL一级联赛,CUBAL一级联赛,7346,122.4,11,Spot-Up,0,0,1,0,0,0,1,0,1,0,0,0,0,0,0,1,0,0,0,0,30230,安恒瑶,An Hengyao,6,,,1003320449,北京大学,C,,,中锋,20005,CUBAL一级联赛,200406,2024-25,2024,0.4196,0.2941,,,,,,,,,
CUBAL一级联赛,CUBAL一级联赛,7346,122.4,11,Cut,13,0.8667,15,7,4,3,6,2,4,0,0,0,1,0.461538,0.5385,0.4615,0,0.0667,1,0.0667,30230,安恒瑶,An Hengyao,6,,,1003320449,北京大学,C,,,中锋,20005,CUBAL一级联赛,200406,2024-25,2024,6.2935,4.4118,60.67,61.09,59,59,51.05,48.12,0,70.71,48.12
CUBAL一级联赛,CUBAL一级联赛,7346,122.4,11,Put-Backs,16,1.3333,12,6,4,2,3,2,1,0,0,0,1,0.666667,0.6667,0.3333,0,0.0833,2,0.1667,30230,安恒瑶,An Hengyao,6,,,1003320449,北京大学,C,,,中锋,20005,CUBAL一级联赛,200406,2024-25,2024,5.0348,3.5294,80.74,81.48,87.41,85.19,30.37,74.81,0,31.85,68.15
CUBAL一级联赛,CUBAL一级联赛,7346,122.4,11,Miscellaneous,0,0,2,0,0,0,0,0,0,0,0,0,2,0,0,0,0,1,0,0,30230,安恒瑶,An Hengyao,6,,,1003320449,北京大学,C,,,中锋,20005,CUBAL一级联赛,200406,2024-25,2024,0.8391,0.5882,,,,,,,,,
CUBAL一级联赛,CUBAL一级联赛,10111,168.5,18,Transition,8,1.1429,7,2,2,0,5,2,3,0,0,0,0,0.571429,0.2857,0.7143,0,0,0,0,30230,安恒瑶,An Hengyao,6,,,1003320449,北京大学,C,,,中锋,20005,CUBAL一级联赛,200267,2023-24,2023,2.1742,1.4955,,,,,,,,,
CUBAL一级联赛,CUBAL一级联赛,10111,168.5,18,Post-Up,12,1.0909,11,5,2,3,4,4,0,0,0,0,2,0.666667,0.5556,0.4444,0,0.1818,0,0,30230,安恒瑶,An Hengyao,6,,,1003320449,北京大学,C,,,中锋,20005,CUBAL一级联赛,200267,2023-24,2023,3.4165,2.3501,48,48,82,86,40,56,0,52,0
CUBAL一级联赛,CUBAL一级联赛,10111,168.5,18,Spot-Up,6,1.2,5,0,0,0,4,3,1,0,0,0,1,0.75,0,1,0,0.2,0,0,30230,安恒瑶,An Hengyao,6,,,1003320449,北京大学,C,,,中锋,20005,CUBAL一级联赛,200267,2023-24,2023,1.553,1.0682,,,,,,,,,
CUBAL一级联赛,CUBAL一级联赛,10111,168.5,18,Cut,36,1.5,24,18,14,4,2,2,0,0,0,0,2,0.8,0.9,0.1,0,0.0833,2,0.0833,30230,安恒瑶,An Hengyao,6,,,1003320449,北京大学,C,,,中锋,20005,CUBAL一级联赛,200267,2023-24,2023,7.4543,5.1276,81.82,83.33,98.99,97.98,96.97,2.53,0,60.1,55.56
CUBAL一级联赛,CUBAL一级联赛,10111,168.5,18,P&R-Roll-Man,0,0,3,2,0,2,1,0,1,0,0,0,0,0,0.6667,0.3333,0,0,0,0,30230,安恒瑶,An Hengyao,6,,,1003320449,北京大学,C,,,中锋,20005,CUBAL一级联赛,200267,2023-24,2023,0.9318,0.6409,,,,,,,,,
CUBAL一级联赛,CUBAL一级联赛,10111,168.5,18,Put-Backs,0,0,4,2,0,2,2,0,2,0,0,0,0,0,0.5,0.5,0,0,0,0,30230,安恒瑶,An Hengyao,6,,,1003320449,北京大学,C,,,中锋,20005,CUBAL一级联赛,200267,2023-24,2023,1.2424,0.8546,,,,,,,,,
CUBAL一级联赛,CUBAL一级联赛,10111,168.5,18,Miscellaneous,0,0,6,0,0,0,0,0,0,0,0,0,5,0,0,0,0,0.8333,1,0.1667,30230,安恒瑶,An Hengyao,6,,,1003320449,北京大学,C,,,中锋,20005,CUBAL一级联赛,200267,2023-24,2023,1.8636,1.2819,,,,,,,,,
CUBAL一级联赛,CUBAL一级联赛,7396,123.3,6,Transition,7,0.5,14,1,1,0,3,1,2,5,1,4,5,0.388889,0.1111,0.3333,0.5556,0.3571,0,0,80548,罗巧梅,Luo Qiaomei,7,,,1003320449,北京大学,PG,,,控球后卫,20005,CUBAL一级联赛,200406,2024-25,2024,6.0242,4.0876,44.01,48.62,10.6,23.73,2.3,81.11,92.17,7.37,0
CUBAL一级联赛,CUBAL一级联赛,7396,123.3,6,P&R-Ball-Handler,2,0.2857,7,0,0,0,5,0,5,0,0,0,1,0,0,1,0,0.1429,1,0.1429,80548,罗巧梅,Luo Qiaomei,7,,,1003320449,北京大学,PG,,,控球后卫,20005,CUBAL一级联赛,200406,2024-25,2024,3.0121,2.0438,,,,,,,,,
CUBAL一级联赛,CUBAL一级联赛,7396,123.3,6,Isolation,0,0,2,0,0,0,0,0,0,1,0,1,1,0,0,0,1,0.5,0,0,80548,罗巧梅,Luo Qiaomei,7,,,1003320449,北京大学,PG,,,控球后卫,20005,CUBAL一级联赛,200406,2024-25,2024,0.8606,0.5839,,,,,,,,,
CUBAL一级联赛,CUBAL一级联赛,7396,123.3,6,Spot-Up,5,0.7143,7,0,0,0,1,1,0,5,1,4,1,0.416667,0,0.1667,0.8333,0.1429,0,0,80548,罗巧梅,Luo Qiaomei,7,,,1003320449,北京大学,PG,,,控球后卫,20005,CUBAL一级联赛,200406,2024-25,2024,3.0121,2.0438,,,,,,,,,
CUBAL一级联赛,CUBAL一级联赛,7396,123.3,6,Off-Screen,6,2,3,0,0,0,0,0,0,3,2,1,0,1,0,0,1,0,0,0,80548,罗巧梅,Luo Qiaomei,7,,,1003320449,北京大学,PG,,,控球后卫,20005,CUBAL一级联赛,200406,2024-25,2024,1.2909,0.8759,,,,,,,,,
CUBAL一级联赛,CUBAL一级联赛,7396,123.3,6,Hand-Off,0,0,1,0,0,0,1,0,1,0,0,0,0,0,0,1,0,0,0,0,80548,罗巧梅,Luo Qiaomei,7,,,1003320449,北京大学,PG,,,控球后卫,20005,CUBAL一级联赛,200406,2024-25,2024,0.4303,0.292,,,,,,,,,
CUBAL一级联赛,CUBAL一级联赛,7396,123.3,6,Put-Backs,2,2,1,1,1,0,0,0,0,0,0,0,0,1,1,0,0,0,0,0,80548,罗巧梅,Luo Qiaomei,7,,,1003320449,北京大学,PG,,,控球后卫,20005,CUBAL一级联赛,200406,2024-25,2024,0.4303,0.292,,,,,,,,,
CUBAL一级联赛,CUBAL一级联赛,7396,123.3,6,Miscellaneous,0,0,1,0,0,0,1,0,1,0,0,0,0,0,0,1,0,0,0,0,80548,罗巧梅,Luo Qiaomei,7,,,1003320449,北京大学,PG,,,控球后卫,20005,CUBAL一级联赛,200406,2024-25,2024,0.4303,0.292,,,,,,,,,
CUBAL一级联赛,CUBAL一级联赛,22888,381.5,17,Transition,80,1.0526,76,38,28,10,13,7,6,8,0,8,13,0.59322,0.6441,0.2203,0.1356,0.1711,4,0.0526,80548,罗巧梅,Luo Qiaomei,7,,,1003320449,北京大学,SG,,,得分后卫,20005,CUBAL一级联赛,200267,2023-24,2023,9.865,7.1717,93.05,93.58,77.81,72.73,74.87,44.39,37.97,51.07,38.5
CUBAL一级联赛,CUBAL一级联赛,22888,381.5,17,P&R-Ball-Handler,25,0.8065,31,3,2,1,14,6,8,0,0,0,9,0.470588,0.1765,0.8235,0,0.2903,5,0.1613,80548,罗巧梅,Luo Qiaomei,7,,,1003320449,北京大学,SG,,,得分后卫,20005,CUBAL一级联赛,200267,2023-24,2023,4.0239,2.9253,43.88,45.32,83.45,89.93,43.17,96.4,0,22.3,86.33
CUBAL一级联赛,CUBAL一级联赛,22888,381.5,17,Isolation,9,1.5,6,1,1,0,5,3,2,0,0,0,0,0.666667,0.1667,0.8333,0,0,0,0,80548,罗巧梅,Luo Qiaomei,7,,,1003320449,北京大学,SG,,,得分后卫,20005,CUBAL一级联赛,200267,2023-24,2023,0.7788,0.5662,,,,,,,,,
CUBAL一级联赛,CUBAL一级联赛,22888,381.5,17,Spot-Up,31,0.8857,35,8,3,5,11,4,7,9,4,5,5,0.464286,0.2857,0.3929,0.3214,0.1429,2,0.0571,80548,罗巧梅,Luo Qiaomei,7,,,1003320449,北京大学,SG,,,得分后卫,20005,CUBAL一级联赛,200267,2023-24,2023,4.5431,3.3028,19.71,19.23,83.17,78.85,93.03,72.12,13.94,34.62,67.55
CUBAL一级联赛,CUBAL一级联赛,22888,381.5,17,Off-Screen,13,1.3,10,2,2,0,1,1,0,3,2,1,4,1,0.3333,0.1667,0.5,0.4,0,0,80548,罗巧梅,Luo Qiaomei,7,,,1003320449,北京大学,SG,,,得分后卫,20005,CUBAL一级联赛,200267,2023-24,2023,1.298,0.9436,22.92,18.75,89.58,100,100,54.17,10.42,0,0
CUBAL一级联赛,CUBAL一级联赛,22888,381.5,17,Hand-Off,3,1.5,2,1,1,0,0,0,0,0,0,0,0,1,1,0,0,0,1,0.5,80548,罗巧梅,Luo Qiaomei,7,,,1003320449,北京大学,SG,,,得分后卫,20005,CUBAL一级联赛,200267,2023-24,2023,0.2596,0.1887,,,,,,,,,
CUBAL一级联赛,CUBAL一级联赛,22888,381.5,17,Cut,23,1.2778,18,15,10,5,3,1,2,0,0,0,0,0.611111,0.8333,0.1667,0,0,0,0,80548,罗巧梅,Luo Qiaomei,7,,,1003320449,北京大学,SG,,,得分后卫,20005,CUBAL一级联赛,200267,2023-24,2023,2.3365,1.6986,18.18,16.16,93.43,84.85,91.92,7.07,0,100,0
CUBAL一级联赛,CUBAL一级联赛,22888,381.5,17,Put-Backs,8,0.7273,11,5,3,2,4,1,3,0,0,0,1,0.444444,0.5556,0.4444,0,0.0909,1,0.0909,80548,罗巧梅,Luo Qiaomei,7,,,1003320449,北京大学,SG,,,得分后卫,20005,CUBAL一级联赛,200267,2023-24,2023,1.4278,1.038,14.43,11.34,18.56,36.08,17.53,84.54,0,31.96,36.08
CUBAL一级联赛,CUBAL一级联赛,22888,381.5,17,Miscellaneous,18,0.9474,19,5,4,1,3,2,1,2,1,1,7,0.75,0.5,0.3,0.2,0.3684,2,0.1053,80548,罗巧梅,Luo Qiaomei,7,,,1003320449,北京大学,SG,,,得分后卫,20005,CUBAL一级联赛,200267,2023-24,2023,2.4663,1.7929,45.36,39.69,100,84.02,74.74,60.31,49.48,95.36,69.59
CUBAL一级联赛,CUBAL一级联赛,12007,200.1,12,Transition,40,0.9756,41,14,8,6,13,6,7,2,0,2,6,0.482759,0.4828,0.4483,0.069,0.1463,6,0.1463,80549,王斯瑶,Wang Siyao,8,,,1003320449,北京大学,SG,,,得分后卫,20005,CUBAL一级联赛,200406,2024-25,2024,10.4831,7.3763,89.17,89.86,65.44,43.55,32.26,92.63,26.73,57.83,82.95
CUBAL一级联赛,CUBAL一级联赛,12007,200.1,12,P&R-Ball-Handler,12,1.5,8,3,2,1,2,0,2,2,2,0,0,0.714286,0.4286,0.2857,0.2857,0,1,0.125,80549,王斯瑶,Wang Siyao,8,,,1003320449,北京大学,SG,,,得分后卫,20005,CUBAL一级联赛,200406,2024-25,2024,2.0455,1.4393,,,,,,,,,
CUBAL一级联赛,CUBAL一级联赛,12007,200.1,12,Isolation,7,1.1667,6,2,2,0,1,1,0,1,0,1,1,0.75,0.5,0.25,0.25,0.1667,1,0.1667,80549,王斯瑶,Wang Siyao,8,,,1003320449,北京大学,SG,,,得分后卫,20005,CUBAL一级联赛,200406,2024-25,2024,1.5341,1.0795,,,,,,,,,
CUBAL一级联赛,CUBAL一级联赛,12007,200.1,12,Spot-Up,20,0.5405,37,2,0,2,13,5,8,10,2,8,10,0.32,0.08,0.52,0.4,0.2703,2,0.0541,80549,王斯瑶,Wang Siyao,8,,,1003320449,北京大学,SG,,,得分后卫,20005,CUBAL一级联赛,200406,2024-25,2024,9.4604,6.6567,63.42,64.5,37.23,42.21,40.91,92.86,15.15,9.31,61.04
CUBAL一级联赛,CUBAL一级联赛,12007,200.1,12,Hand-Off,2,0.4,5,1,1,0,2,0,2,0,0,0,2,0.333333,0.3333,0.6667,0,0.4,0,0,80549,王斯瑶,Wang Siyao,8,,,1003320449,北京大学,SG,,,得分后卫,20005,CUBAL一级联赛,200406,2024-25,2024,1.2784,0.8996,,,,,,,,,
CUBAL一级联赛,CUBAL一级联赛,12007,200.1,12,Cut,6,0.8571,7,3,1,2,4,2,2,0,0,0,0,0.428571,0.4286,0.5714,0,0,0,0,80549,王斯瑶,Wang Siyao,8,,,1003320449,北京大学,SG,,,得分后卫,20005,CUBAL一级联赛,200406,2024-25,2024,1.7898,1.2594,,,,,,,,,
CUBAL一级联赛,CUBAL一级联赛,12007,200.1,12,Miscellaneous,0,0,5,0,0,0,0,0,0,0,0,0,5,0,0,0,0,1,0,0,80549,王斯瑶,Wang Siyao,8,,,1003320449,北京大学,SG,,,得分后卫,20005,CUBAL一级联赛,200406,2024-25,2024,1.2784,0.8996,,,,,,,,,
CUBAL一级联赛,CUBAL一级联赛,10736,178.9,13,Transition,39,0.975,40,25,16,9,8,2,6,1,1,0,6,0.573529,0.7353,0.2353,0.0294,0.15,0,0,80549,王斯瑶,Wang Siyao,8,,,1003320449,北京大学,PG,,,控球后卫,20005,CUBAL一级联赛,200267,2023-24,2023,11.3533,8.0492,97.06,97.86,66.04,67.38,85.56,49.73,20.05,57.49,0
CUBAL一级联赛,CUBAL一级联赛,10736,178.9,13,P&R-Ball-Handler,18,1.6364,11,1,0,1,6,4,2,2,2,0,0,0.777778,0.1111,0.6667,0.2222,0,2,0.1818,80549,王斯瑶,Wang Siyao,8,,,1003320449,北京大学,PG,,,控球后卫,20005,CUBAL一级联赛,200267,2023-24,2023,3.1222,2.2135,29.5,30.22,100,100,27.34,87.05,27.34,100,93.53
CUBAL一级联赛,CUBAL一级联赛,10736,178.9,13,Isolation,0,0,2,0,0,0,1,0,1,0,0,0,1,0,0,1,0,0.5,0,0,80549,王斯瑶,Wang Siyao,8,,,1003320449,北京大学,PG,,,控球后卫,20005,CUBAL一级联赛,200267,2023-24,2023,0.5677,0.4025,,,,,,,,,
CUBAL一级联赛,CUBAL一级联赛,10736,178.9,13,Spot-Up,2,0.25,8,0,0,0,3,1,2,2,0,2,3,0.2,0,0.6,0.4,0.375,0,0,80549,王斯瑶,Wang Siyao,8,,,1003320449,北京大学,PG,,,控球后卫,20005,CUBAL一级联赛,200267,2023-24,2023,2.2707,1.6098,,,,,,,,,
CUBAL一级联赛,CUBAL一级联赛,10736,178.9,13,Off-Screen,6,1,6,0,0,0,3,0,3,3,2,1,0,0.5,0,0.5,0.5,0,0,0,80549,王斯瑶,Wang Siyao,8,,,1003320449,北京大学,PG,,,控球后卫,20005,CUBAL一级联赛,200267,2023-24,2023,1.703,1.2074,,,,,,,,,
CUBAL一级联赛,CUBAL一级联赛,10736,178.9,13,Hand-Off,0,0,3,0,0,0,2,0,2,0,0,0,1,0,0,1,0,0.3333,0,0,80549,王斯瑶,Wang Siyao,8,,,1003320449,北京大学,PG,,,控球后卫,20005,CUBAL一级联赛,200267,2023-24,2023,0.8515,0.6037,,,,,,,,,
CUBAL一级联赛,CUBAL一级联赛,10736,178.9,13,Cut,7,1,7,2,2,0,2,1,1,0,0,0,2,0.75,0.5,0.5,0,0.2857,1,0.1429,80549,王斯瑶,Wang Siyao,8,,,1003320449,北京大学,PG,,,控球后卫,20005,CUBAL一级联赛,200267,2023-24,2023,1.9868,1.4086,,,,,,,,,
CUBAL一级联赛,CUBAL一级联赛,10736,178.9,13,Put-Backs,0,0,2,1,0,1,1,0,1,0,0,0,0,0,0.5,0.5,0,0,0,0,80549,王斯瑶,Wang Siyao,8,,,1003320449,北京大学,PG,,,控球后卫,20005,CUBAL一级联赛,200267,2023-24,2023,0.5677,0.4025,,,,,,,,,
CUBAL一级联赛,CUBAL一级联赛,10736,178.9,13,Miscellaneous,3,0.5,6,0,0,0,0,0,0,2,1,1,4,0.75,0,0,1,0.6667,0,0,80549,王斯瑶,Wang Siyao,8,,,1003320449,北京大学,PG,,,控球后卫,20005,CUBAL一级联赛,200267,2023-24,2023,1.703,1.2074,,,,,,,,,
CUBAL一级联赛,CUBAL一级联赛,10910,181.8,12,Transition,19,0.6129,31,11,7,4,3,2,1,6,0,6,10,0.45,0.55,0.15,0.3,0.3226,1,0.0323,32001,王乔睿,Wang Qiaorui,9,,,1003320449,北京大学,SG,,,得分后卫,20005,CUBAL一级联赛,200406,2024-25,2024,8.2524,6.1386,79.72,76.5,19.82,35.48,45.62,44.01,67.74,11.29,28.34
CUBAL一级联赛,CUBAL一级联赛,10910,181.8,12,P&R-Ball-Handler,2,0.4,5,0,0,0,2,1,1,1,0,1,2,0.333333,0,0.6667,0.3333,0.4,0,0,32001,王乔睿,Wang Qiaorui,9,,,1003320449,北京大学,SG,,,得分后卫,20005,CUBAL一级联赛,200406,2024-25,2024,1.331,0.9901,,,,,,,,,
CUBAL一级联赛,CUBAL一级联赛,10910,181.8,12,Isolation,4,1,4,1,1,0,2,1,1,0,0,0,1,0.666667,0.3333,0.6667,0,0.25,0,0,32001,王乔睿,Wang Qiaorui,9,,,1003320449,北京大学,SG,,,得分后卫,20005,CUBAL一级联赛,200406,2024-25,2024,1.0648,0.7921,,,,,,,,,
CUBAL一级联赛,CUBAL一级联赛,10910,181.8,12,Spot-Up,11,0.6875,16,0,0,0,3,1,2,8,3,5,5,0.5,0,0.2727,0.7273,0.3125,0,0,32001,王乔睿,Wang Qiaorui,9,,,1003320449,北京大学,SG,,,得分后卫,20005,CUBAL一级联赛,200406,2024-25,2024,4.2593,3.1683,9.09,8.23,58.23,87.45,0,68.61,62.34,4.76,0
CUBAL一级联赛,CUBAL一级联赛,10910,181.8,12,Off-Screen,3,1.5,2,0,0,0,0,0,0,2,1,1,0,0.75,0,0,1,0,0,0,32001,王乔睿,Wang Qiaorui,9,,,1003320449,北京大学,SG,,,得分后卫,20005,CUBAL一级联赛,200406,2024-25,2024,0.5324,0.396,,,,,,,,,
CUBAL一级联赛,CUBAL一级联赛,10910,181.8,12,Hand-Off,2,1,2,0,0,0,1,0,1,0,0,0,0,0,0,1,0,0,1,0.5,32001,王乔睿,Wang Qiaorui,9,,,1003320449,北京大学,SG,,,得分后卫,20005,CUBAL一级联赛,200406,2024-25,2024,0.5324,0.396,,,,,,,,,
CUBAL一级联赛,CUBAL一级联赛,10910,181.8,12,Cut,2,0.5,4,1,1,0,1,0,1,0,0,0,2,0.5,0.5,0.5,0,0.5,0,0,32001,王乔睿,Wang Qiaorui,9,,,1003320449,北京大学,SG,,,得分后卫,20005,CUBAL一级联赛,200406,2024-25,2024,1.0648,0.7921,,,,,,,,,
CUBAL一级联赛,CUBAL一级联赛,10910,181.8,12,Put-Backs,4,1,4,2,2,0,0,0,0,0,0,0,2,1,1,0,0,0.5,0,0,32001,王乔睿,Wang Qiaorui,9,,,1003320449,北京大学,SG,,,得分后卫,20005,CUBAL一级联赛,200406,2024-25,2024,1.0648,0.7921,,,,,,,,,
CUBAL一级联赛,CUBAL一级联赛,10910,181.8,12,Miscellaneous,0,0,5,0,0,0,1,0,1,0,0,0,4,0,0,1,0,0.8,0,0,32001,王乔睿,Wang Qiaorui,9,,,1003320449,北京大学,SG,,,得分后卫,20005,CUBAL一级联赛,200406,2024-25,2024,1.331,0.9901,,,,,,,,,
CUBAL一级联赛,CUBAL一级联赛,5814,96.9,7,Transition,4,0.4,10,3,2,1,2,0,2,2,0,2,3,0.285714,0.4286,0.2857,0.2857,0.3,0,0,32001,王乔睿,Wang Qiaorui,9,,,1003320449,北京大学,SG,,,得分后卫,20005,CUBAL一级联赛,200267,2023-24,2023,5.3573,3.7152,48.4,50.53,5.88,10.43,37.17,60.7,61.5,17.38,0
CUBAL一级联赛,CUBAL一级联赛,5814,96.9,7,P&R-Ball-Handler,3,0.4286,7,0,0,0,3,0,3,1,1,0,3,0.375,0,0.75,0.25,0.4286,0,0,32001,王乔睿,Wang Qiaorui,9,,,1003320449,北京大学,SG,,,得分后卫,20005,CUBAL一级联赛,200267,2023-24,2023,3.7501,2.6006,,,,,,,,,
CUBAL一级联赛,CUBAL一级联赛,5814,96.9,7,Isolation,2,1,2,0,0,0,1,1,0,1,0,1,0,0.5,0,0.5,0.5,0,0,0,32001,王乔睿,Wang Qiaorui,9,,,1003320449,北京大学,SG,,,得分后卫,20005,CUBAL一级联赛,200267,2023-24,2023,1.0715,0.743,,,,,,,,,
CUBAL一级联赛,CUBAL一级联赛,5814,96.9,7,Spot-Up,6,0.4615,13,0,0,0,3,0,3,8,2,6,2,0.272727,0,0.2727,0.7273,0.1538,0,0,32001,王乔睿,Wang Qiaorui,9,,,1003320449,北京大学,SG,,,得分后卫,20005,CUBAL一级联赛,200267,2023-24,2023,6.9644,4.8297,43.27,46.63,26.92,31.73,0,51.2,68.51,30.05,0
CUBAL一级联赛,CUBAL一级联赛,5814,96.9,7,Off-Screen,0,0,1,0,0,0,1,0,1,0,0,0,0,0,0,1,0,0,0,0,32001,王乔睿,Wang Qiaorui,9,,,1003320449,北京大学,SG,,,得分后卫,20005,CUBAL一级联赛,200267,2023-24,2023,0.5357,0.3715,,,,,,,,,
CUBAL一级联赛,CUBAL一级联赛,5814,96.9,7,Cut,4,1.3333,3,0,0,0,2,2,0,0,0,0,1,1,0,1,0,0.3333,0,0,32001,王乔睿,Wang Qiaorui,9,,,1003320449,北京大学,SG,,,得分后卫,20005,CUBAL一级联赛,200267,2023-24,2023,1.6072,1.1146,,,,,,,,,
CUBAL一级联赛,CUBAL一级联赛,5814,96.9,7,Put-Backs,2,1,2,0,0,0,1,1,0,0,0,0,1,1,0,1,0,0.5,0,0,32001,王乔睿,Wang Qiaorui,9,,,1003320449,北京大学,SG,,,得分后卫,20005,CUBAL一级联赛,200267,2023-24,2023,1.0715,0.743,,,,,,,,,
CUBAL一级联赛,CUBAL一级联赛,5814,96.9,7,Miscellaneous,2,0.4,5,1,1,0,0,0,0,3,0,3,1,0.25,0.25,0,0.75,0.2,0,0,32001,王乔睿,Wang Qiaorui,9,,,1003320449,北京大学,SG,,,得分后卫,20005,CUBAL一级联赛,200267,2023-24,2023,2.6786,1.8576,,,,,,,,,
CUBAL一级联赛,CUBAL一级联赛,2432,40.5,2,Transition,9,0.9,10,3,3,0,1,0,1,1,1,0,4,0.9,0.6,0.2,0.2,0.4,1,0.1,32001,王乔睿,Wang Qiaorui,6,,,1003320449,北京大学,SG,,,得分后卫,20005,CUBAL一级联赛,200069,2022-23,2022,12.3555,8.8889,87.5,87.5,58.33,91.67,70.83,20.83,54.17,0,75
CUBAL一级联赛,CUBAL一级联赛,2432,40.5,2,Isolation,4,1,4,1,1,0,2,1,1,0,0,0,0,0.666667,0.3333,0.6667,0,0,1,0.25,32001,王乔睿,Wang Qiaorui,6,,,1003320449,北京大学,SG,,,得分后卫,20005,CUBAL一级联赛,200069,2022-23,2022,4.9422,3.5556,,,,,,,,,
CUBAL一级联赛,CUBAL一级联赛,2432,40.5,2,Post-Up,2,2,1,0,0,0,1,1,0,0,0,0,0,1,0,1,0,0,0,0,32001,王乔睿,Wang Qiaorui,6,,,1003320449,北京大学,SG,,,得分后卫,20005,CUBAL一级联赛,200069,2022-23,2022,1.2356,0.8889,,,,,,,,,
CUBAL一级联赛,CUBAL一级联赛,2432,40.5,2,Spot-Up,0,0,6,0,0,0,1,0,1,3,0,3,2,0,0,0.25,0.75,0.3333,0,0,32001,王乔睿,Wang Qiaorui,6,,,1003320449,北京大学,SG,,,得分后卫,20005,CUBAL一级联赛,200069,2022-23,2022,7.4133,5.3333,,,,,,,,,
CUBAL一级联赛,CUBAL一级联赛,2432,40.5,2,Off-Screen,0,0,1,0,0,0,0,0,0,1,0,1,0,0,0,0,1,0,0,0,32001,王乔睿,Wang Qiaorui,6,,,1003320449,北京大学,SG,,,得分后卫,20005,CUBAL一级联赛,200069,2022-23,2022,1.2356,0.8889,,,,,,,,,
CUBAL一级联赛,CUBAL一级联赛,2432,40.5,2,Hand-Off,0,0,1,0,0,0,0,0,0,0,0,0,1,0,0,0,0,1,0,0,32001,王乔睿,Wang Qiaorui,6,,,1003320449,北京大学,SG,,,得分后卫,20005,CUBAL一级联赛,200069,2022-23,2022,1.2356,0.8889,,,,,,,,,
CUBAL一级联赛,CUBAL一级联赛,2432,40.5,2,Cut,0,0,1,0,0,0,0,0,0,0,0,0,0,0,0,0,0,0,1,1,32001,王乔睿,Wang Qiaorui,6,,,1003320449,北京大学,SG,,,得分后卫,20005,CUBAL一级联赛,200069,2022-23,2022,1.2356,0.8889,,,,,,,,,
CUBAL一级联赛,CUBAL一级联赛,2432,40.5,2,Miscellaneous,0,0,1,0,0,0,0,0,0,0,0,0,1,0,0,0,0,1,0,0,32001,王乔睿,Wang Qiaorui,6,,,1003320449,北京大学,SG,,,得分后卫,20005,CUBAL一级联赛,200069,2022-23,2022,1.2356,0.8889,,,,,,,,,
CUBAL一级联赛,CUBAL一级联赛,19941,332.4,15,Transition,57,0.9828,58,16,10,6,8,4,4,16,3,13,8,0.4625,0.4,0.2,0.4,0.1379,10,0.1724,80550,伍湘琳,Wu Xianglin,10,,,1003320449,北京大学,PG,,,控球后卫,20005,CUBAL一级联赛,200406,2024-25,2024,9.0218,6.2816,81.8,82.72,65.9,39.17,21.43,55.99,81.11,62.9,89.4
CUBAL一级联赛,CUBAL一级联赛,19941,332.4,15,P&R-Ball-Handler,22,0.7097,31,4,2,2,12,2,10,9,4,5,5,0.4,0.16,0.48,0.36,0.1613,1,0.0323,80550,伍湘琳,Wu Xianglin,10,,,1003320449,北京大学,PG,,,控球后卫,20005,CUBAL一级联赛,200406,2024-25,2024,4.822,3.3574,51.48,55.03,69.82,65.09,27.22,79.29,48.52,64.5,31.36
CUBAL一级联赛,CUBAL一级联赛,19941,332.4,15,Isolation,4,0.4444,9,0,0,0,4,1,3,3,0,3,1,0.142857,0,0.5714,0.4286,0.1111,1,0.1111,80550,伍湘琳,Wu Xianglin,10,,,1003320449,北京大学,PG,,,控球后卫,20005,CUBAL一级联赛,200406,2024-25,2024,1.3999,0.9747,,,,,,,,,
CUBAL一级联赛,CUBAL一级联赛,19941,332.4,15,Spot-Up,25,0.7353,34,1,0,1,8,2,6,24,6,18,0,0.333333,0.0303,0.2424,0.7273,0,1,0.0294,80550,伍湘琳,Wu Xianglin,10,,,1003320449,北京大学,PG,,,控球后卫,20005,CUBAL一级联赛,200406,2024-25,2024,5.2886,3.6823,15.37,16.23,64.94,46.54,23.38,61.04,62.34,100,46.54
CUBAL一级联赛,CUBAL一级联赛,19941,332.4,15,Off-Screen,10,0.7692,13,0,0,0,3,2,1,9,2,7,1,0.416667,0,0.25,0.75,0.0769,0,0,80550,伍湘琳,Wu Xianglin,10,,,1003320449,北京大学,PG,,,控球后卫,20005,CUBAL一级联赛,200406,2024-25,2024,2.0221,1.4079,20.59,22.06,51.47,54.41,0,60.29,60.29,45.59,0
CUBAL一级联赛,CUBAL一级联赛,19941,332.4,15,Hand-Off,3,0.5,6,1,0,1,2,0,2,2,1,1,1,0.3,0.2,0.4,0.4,0.1667,0,0,80550,伍湘琳,Wu Xianglin,10,,,1003320449,北京大学,PG,,,控球后卫,20005,CUBAL一级联赛,200406,2024-25,2024,0.9333,0.6498,,,,,,,,,
CUBAL一级联赛,CUBAL一级联赛,19941,332.4,15,Cut,11,1,11,7,3,4,1,1,0,0,0,0,1,0.5,0.875,0.125,0,0.0909,2,0.1818,80550,伍湘琳,Wu Xianglin,10,,,1003320449,北京大学,PG,,,控球后卫,20005,CUBAL一级联赛,200406,2024-25,2024,1.711,1.1913,1.67,2.51,74.9,62.34,94.98,4.18,0,50.21,93.72
CUBAL一级联赛,CUBAL一级联赛,19941,332.4,15,Put-Backs,3,0.5,6,3,0,3,1,1,0,1,0,1,0,0.2,0.6,0.2,0.2,0,1,0.1667,80550,伍湘琳,Wu Xianglin,10,,,1003320449,北京大学,PG,,,控球后卫,20005,CUBAL一级联赛,200406,2024-25,2024,0.9333,0.6498,,,,,,,,,
CUBAL一级联赛,CUBAL一级联赛,19941,332.4,15,Miscellaneous,8,0.8,10,2,2,0,1,1,0,2,0,2,2,0.6,0.4,0.2,0.4,0.2,3,0.3,80550,伍湘琳,Wu Xianglin,10,,,1003320449,北京大学,PG,,,控球后卫,20005,CUBAL一级联赛,200406,2024-25,2024,1.5555,1.083,3.15,3.94,94.49,73.23,55.91,46.46,71.65,99.21,98.43
CUBAL一级联赛,CUBAL一级联赛,16383,273.1,17,Transition,36,0.9231,39,11,7,4,9,1,8,10,4,6,5,0.466667,0.3667,0.3,0.3333,0.1282,4,0.1026,80550,伍湘琳,Wu Xianglin,10,,,1003320449,北京大学,SG,,,得分后卫,20005,CUBAL一级联赛,200267,2023-24,2023,7.5021,5.141,74.33,77.54,59.09,39.57,27.01,65.24,68.45,65.78,68.45
CUBAL一级联赛,CUBAL一级联赛,16383,273.1,17,P&R-Ball-Handler,11,0.6111,18,7,3,4,3,1,2,4,1,3,4,0.392857,0.5,0.2143,0.2857,0.2222,0,0,80550,伍湘琳,Wu Xianglin,10,,,1003320449,北京大学,SG,,,得分后卫,20005,CUBAL一级联赛,200267,2023-24,2023,3.4625,2.3728,33.81,34.53,59.71,69.78,93.53,14.39,39.57,43.17,0
CUBAL一级联赛,CUBAL一级联赛,16383,273.1,17,Isolation,0,0,6,2,0,2,3,0,3,1,0,1,0,0,0.3333,0.5,0.1667,0,0,0,80550,伍湘琳,Wu Xianglin,10,,,1003320449,北京大学,SG,,,得分后卫,20005,CUBAL一级联赛,200267,2023-24,2023,1.1542,0.7909,,,,,,,,,
CUBAL一级联赛,CUBAL一级联赛,16383,273.1,17,Spot-Up,19,0.38,50,0,0,0,11,3,8,38,4,34,1,0.183673,0,0.2245,0.7755,0.02,0,0,80550,伍湘琳,Wu Xianglin,10,,,1003320449,北京大学,SG,,,得分后卫,20005,CUBAL一级联赛,200267,2023-24,2023,9.6181,6.591,70.43,74.28,15.87,14.42,0,41.11,76.44,90.38,0
CUBAL一级联赛,CUBAL一级联赛,16383,273.1,17,Off-Screen,0,0,6,0,0,0,0,0,0,6,0,6,0,0,0,0,1,0,0,0,80550,伍湘琳,Wu Xianglin,10,,,1003320449,北京大学,SG,,,得分后卫,20005,CUBAL一级联赛,200267,2023-24,2023,1.1542,0.7909,,,,,,,,,
CUBAL一级联赛,CUBAL一级联赛,16383,273.1,17,Hand-Off,0,0,2,1,0,1,0,0,0,1,0,1,0,0,0.5,0,0.5,0,0,0,80550,伍湘琳,Wu Xianglin,10,,,1003320449,北京大学,SG,,,得分后卫,20005,CUBAL一级联赛,200267,2023-24,2023,0.3847,0.2636,,,,,,,,,
CUBAL一级联赛,CUBAL一级联赛,16383,273.1,17,Cut,2,0.6667,3,0,0,0,3,1,2,0,0,0,0,0.333333,0,1,0,0,0,0,80550,伍湘琳,Wu Xianglin,10,,,1003320449,北京大学,SG,,,得分后卫,20005,CUBAL一级联赛,200267,2023-24,2023,0.5771,0.3955,,,,,,,,,
CUBAL一级联赛,CUBAL一级联赛,16383,273.1,17,Put-Backs,5,1.25,4,2,2,0,0,0,0,0,0,0,1,1,1,0,0,0.25,1,0.25,80550,伍湘琳,Wu Xianglin,10,,,1003320449,北京大学,SG,,,得分后卫,20005,CUBAL一级联赛,200267,2023-24,2023,0.7694,0.5273,,,,,,,,,
CUBAL一级联赛,CUBAL一级联赛,16383,273.1,17,Miscellaneous,4,0.5,8,3,2,1,0,0,0,0,0,0,5,0.666667,1,0,0,0.625,0,0,80550,伍湘琳,Wu Xianglin,10,,,1003320449,北京大学,SG,,,得分后卫,20005,CUBAL一级联赛,200267,2023-24,2023,1.5389,1.0546,,,,,,,,,
CUBAL一级联赛,CUBAL一级联赛,25786,429.8,18,Transition,78,0.9512,82,37,25,12,10,4,6,7,4,3,22,0.648148,0.6852,0.1852,0.1296,0.2683,6,0.0732,32005,王家绘,Wang Jiahui,11,,,1003320449,北京大学,SF,,,小前锋,20005,CUBAL一级联赛,200406,2024-25,2024,9.652,6.8683,85.02,85.94,63.59,80.41,67.74,52.76,39.4,23.04,49.77
CUBAL一级联赛,CUBAL一级联赛,25786,429.8,18,P&R-Ball-Handler,9,0.6429,14,1,1,0,7,2,5,2,1,1,4,0.45,0.1,0.7,0.2,0.2857,0,0,32005,王家绘,Wang Jiahui,11,,,1003320449,北京大学,SF,,,小前锋,20005,CUBAL一级联赛,200406,2024-25,2024,1.6479,1.1726,0,0,61.54,76.33,14.79,95.27,27.22,28.99,0
CUBAL一级联赛,CUBAL一级联赛,25786,429.8,18,Isolation,14,1.4,10,3,2,1,3,3,0,1,1,0,1,0.928571,0.4286,0.4286,0.1429,0.1,2,0.2,32005,王家绘,Wang Jiahui,11,,,1003320449,北京大学,SF,,,小前锋,20005,CUBAL一级联赛,200406,2024-25,2024,1.1771,0.8376,0,0,92,100,68,40,48,80,84
CUBAL一级联赛,CUBAL一级联赛,25786,429.8,18,Post-Up,9,0.5,18,7,2,5,7,1,6,0,0,0,2,0.214286,0.5,0.5,0,0.1111,2,0.1111,32005,王家绘,Wang Jiahui,11,,,1003320449,北京大学,SF,,,小前锋,20005,CUBAL一级联赛,200406,2024-25,2024,2.1187,1.5077,11.11,12.96,12.96,1.85,27.78,74.07,0,59.26,59.26
CUBAL一级联赛,CUBAL一级联赛,25786,429.8,18,Spot-Up,60,0.9677,62,17,12,5,13,6,7,20,6,14,8,0.54,0.34,0.26,0.4,0.129,4,0.0645,32005,王家绘,Wang Jiahui,11,,,1003320449,北京大学,SF,,,小前锋,20005,CUBAL一级联赛,200406,2024-25,2024,7.2978,5.1931,40.26,41.34,89.83,91.13,90.26,65.58,15.15,48.7,68.18
CUBAL一级联赛,CUBAL一级联赛,25786,429.8,18,Off-Screen,3,0.3,10,1,0,1,1,0,1,5,0,5,1,0,0.1429,0.1429,0.7143,0.1,2,0.2,32005,王家绘,Wang Jiahui,11,,,1003320449,北京大学,SF,,,小前锋,20005,CUBAL一级联赛,200406,2024-25,2024,1.1771,0.8376,1.47,0,4.41,0,63.24,35.29,57.35,26.47,95.59
CUBAL一级联赛,CUBAL一级联赛,25786,429.8,18,Hand-Off,8,1.3333,6,2,2,0,2,1,1,1,0,1,0,0.6,0.4,0.4,0.2,0,1,0.1667,32005,王家绘,Wang Jiahui,11,,,1003320449,北京大学,SF,,,小前锋,20005,CUBAL一级联赛,200406,2024-25,2024,0.7062,0.5026,,,,,,,,,
CUBAL一级联赛,CUBAL一级联赛,25786,429.8,18,Cut,36,0.973,37,20,14,6,11,3,8,0,0,0,4,0.548387,0.6452,0.3548,0,0.1081,2,0.0541,32005,王家绘,Wang Jiahui,11,,,1003320449,北京大学,SF,,,小前锋,20005,CUBAL一级联赛,200406,2024-25,2024,4.3552,3.0991,32.64,35.15,68.62,73.22,71.13,28.45,0,41,41
CUBAL一级联赛,CUBAL一级联赛,25786,429.8,18,P&R-Roll-Man,0,0,1,1,0,1,0,0,0,0,0,0,0,0,1,0,0,0,0,0,32005,王家绘,Wang Jiahui,11,,,1003320449,北京大学,SF,,,小前锋,20005,CUBAL一级联赛,200406,2024-25,2024,0.1177,0.0838,,,,,,,,,
CUBAL一级联赛,CUBAL一级联赛,25786,429.8,18,Put-Backs,46,1.5333,30,19,14,5,7,6,1,1,1,0,2,0.796296,0.7037,0.2593,0.037,0.0667,1,0.0333,32005,王家绘,Wang Jiahui,11,,,1003320449,北京大学,SF,,,小前锋,20005,CUBAL一级联赛,200406,2024-25,2024,3.5312,2.5128,56.3,55.56,94.81,97.04,36.3,58.52,82.96,50.37,13.33
CUBAL一级联赛,CUBAL一级联赛,25786,429.8,18,Miscellaneous,12,0.6,20,6,4,2,2,1,1,2,0,2,9,0.5,0.6,0.2,0.2,0.45,1,0.05,32005,王家绘,Wang Jiahui,11,,,1003320449,北京大学,SF,,,小前锋,20005,CUBAL一级联赛,200406,2024-25,2024,2.3541,1.6752,34.65,37.8,85.83,62.2,81.1,46.46,55.91,89.76,35.43
CUBAL一级联赛,CUBAL一级联赛,24897,415,18,Transition,49,0.8448,58,23,14,9,11,7,4,9,0,9,9,0.488372,0.5349,0.2558,0.2093,0.1552,6,0.1034,32005,王家绘,Wang Jiahui,11,,,1003320449,北京大学,SF,,,小前锋,20005,CUBAL一级联赛,200267,2023-24,2023,6.9772,5.0313,72.46,73.26,46.79,43.05,56.68,55.08,48.4,55.61,69.25
CUBAL一级联赛,CUBAL一级联赛,24897,415,18,P&R-Ball-Handler,6,0.5,12,1,1,0,5,1,4,0,0,0,4,0.333333,0.1667,0.8333,0,0.3333,2,0.1667,32005,王家绘,Wang Jiahui,11,,,1003320449,北京大学,SF,,,小前锋,20005,CUBAL一级联赛,200267,2023-24,2023,1.4436,1.041,5.76,5.76,39.57,52.52,39.57,97.84,0,12.95,89.93
CUBAL一级联赛,CUBAL一级联赛,24897,415,18,Isolation,3,0.5,6,3,0,3,1,1,0,0,0,0,1,0.25,0.75,0.25,0,0.1667,1,0.1667,32005,王家绘,Wang Jiahui,11,,,1003320449,北京大学,SF,,,小前锋,20005,CUBAL一级联赛,200267,2023-24,2023,0.7218,0.5205,,,,,,,,,
CUBAL一级联赛,CUBAL一级联赛,24897,415,18,Post-Up,17,1,17,7,4,3,6,4,2,0,0,0,2,0.615385,0.5385,0.4615,0,0.1176,2,0.1176,32005,王家绘,Wang Jiahui,11,,,1003320449,北京大学,SF,,,小前锋,20005,CUBAL一级联赛,200267,2023-24,2023,2.045,1.4747,22,20,74,78,38,60,0,66,52
CUBAL一级联赛,CUBAL一级联赛,24897,415,18,Spot-Up,62,1.0508,59,7,2,5,11,4,7,36,16,20,3,0.555556,0.1296,0.2037,0.6667,0.0508,2,0.0339,32005,王家绘,Wang Jiahui,11,,,1003320449,北京大学,SF,,,小前锋,20005,CUBAL一级联赛,200267,2023-24,2023,7.0975,5.1181,49.52,49.52,94.71,92.31,69.71,36.3,56.01,81.97,50.48
CUBAL一级联赛,CUBAL一级联赛,24897,415,18,Off-Screen,8,0.8889,9,0,0,0,2,1,1,3,1,2,2,0.5,0,0.4,0.6,0.2222,2,0.2222,32005,王家绘,Wang Jiahui,11,,,1003320449,北京大学,SF,,,小前锋,20005,CUBAL一级联赛,200267,2023-24,2023,1.0827,0.7807,,,,,,,,,
CUBAL一级联赛,CUBAL一级联赛,24897,415,18,Hand-Off,3,0.75,4,1,0,1,1,1,0,1,0,1,0,0.333333,0.3333,0.3333,0.3333,0,1,0.25,32005,王家绘,Wang Jiahui,11,,,1003320449,北京大学,SF,,,小前锋,20005,CUBAL一级联赛,200267,2023-24,2023,0.4812,0.347,,,,,,,,,
CUBAL一级联赛,CUBAL一级联赛,24897,415,18,Cut,37,1.1935,31,17,11,6,9,5,4,0,0,0,2,0.615385,0.6538,0.3462,0,0.0645,3,0.0968,32005,王家绘,Wang Jiahui,11,,,1003320449,北京大学,SF,,,小前锋,20005,CUBAL一级联赛,200267,2023-24,2023,3.7292,2.6892,36.36,37.37,90.4,85.35,78.28,21.21,0,70.71,63.13
CUBAL一级联赛,CUBAL一级联赛,24897,415,18,P&R-Roll-Man,3,3,1,0,0,0,0,0,0,1,1,0,0,1.5,0,0,1,0,0,0,32005,王家绘,Wang Jiahui,11,,,1003320449,北京大学,SF,,,小前锋,20005,CUBAL一级联赛,200267,2023-24,2023,0.1203,0.0867,,,,,,,,,
CUBAL一级联赛,CUBAL一级联赛,24897,415,18,Put-Backs,38,1.3571,28,19,12,7,5,4,1,0,0,0,1,0.666667,0.7917,0.2083,0,0.0357,3,0.1071,32005,王家绘,Wang Jiahui,11,,,1003320449,北京大学,SF,,,小前锋,20005,CUBAL一级联赛,200267,2023-24,2023,3.3683,2.4289,59.79,56.7,92.78,86.6,64.95,36.08,0,61.86,46.39
CUBAL一级联赛,CUBAL一级联赛,24897,415,18,Miscellaneous,14,0.5385,26,9,6,3,3,0,3,2,0,2,10,0.428571,0.6429,0.2143,0.1429,0.3846,2,0.0769,32005,王家绘,Wang Jiahui,11,,,1003320449,北京大学,SF,,,小前锋,20005,CUBAL一级联赛,200267,2023-24,2023,3.1277,2.2554,65.46,65.98,82.99,54.12,82.99,52.58,44.33,94.33,52.58
CUBAL一级联赛,CUBAL一级联赛,5764,96.1,3,Transition,9,0.5294,17,7,3,4,5,0,5,1,1,0,2,0.346154,0.5385,0.3846,0.0769,0.1176,2,0.1176,32005,王家绘,Wang Jiahui,11,,,1003320449,北京大学,SF,,,小前锋,20005,CUBAL一级联赛,200069,2022-23,2022,8.2501,6.3684,70.83,58.33,8.33,4.17,62.5,66.67,25,66.67,83.33
CUBAL一级联赛,CUBAL一级联赛,5764,96.1,3,Isolation,0,0,1,0,0,0,0,0,0,0,0,0,1,0,0,0,0,1,0,0,32005,王家绘,Wang Jiahui,11,,,1003320449,北京大学,SF,,,小前锋,20005,CUBAL一级联赛,200069,2022-23,2022,0.4853,0.3746,,,,,,,,,
CUBAL一级联赛,CUBAL一级联赛,5764,96.1,3,Post-Up,2,2,1,1,1,0,0,0,0,0,0,0,0,1,1,0,0,0,0,0,32005,王家绘,Wang Jiahui,11,,,1003320449,北京大学,SF,,,小前锋,20005,CUBAL一级联赛,200069,2022-23,2022,0.4853,0.3746,,,,,,,,,
CUBAL一级联赛,CUBAL一级联赛,5764,96.1,3,Spot-Up,0,0,9,1,0,1,2,0,2,4,0,4,1,0,0.1429,0.2857,0.5714,0.1111,1,0.1111,32005,王家绘,Wang Jiahui,11,,,1003320449,北京大学,SF,,,小前锋,20005,CUBAL一级联赛,200069,2022-23,2022,4.3677,3.3715,,,,,,,,,
CUBAL一级联赛,CUBAL一级联赛,5764,96.1,3,Hand-Off,0,0,1,0,0,0,0,0,0,0,0,0,1,0,0,0,0,1,0,0,32005,王家绘,Wang Jiahui,11,,,1003320449,北京大学,SF,,,小前锋,20005,CUBAL一级联赛,200069,2022-23,2022,0.4853,0.3746,,,,,,,,,
CUBAL一级联赛,CUBAL一级联赛,5764,96.1,3,Cut,6,0.75,8,4,3,1,3,0,3,0,0,0,0,0.428571,0.5714,0.4286,0,0,1,0.125,32005,王家绘,Wang Jiahui,11,,,1003320449,北京大学,SF,,,小前锋,20005,CUBAL一级联赛,200069,2022-23,2022,3.8824,2.9969,,,,,,,,,
CUBAL一级联赛,CUBAL一级联赛,5764,96.1,3,Put-Backs,0,0,3,1,0,1,1,0,1,0,0,0,0,0,0.5,0.5,0,0,1,0.3333,32005,王家绘,Wang Jiahui,11,,,1003320449,北京大学,SF,,,小前锋,20005,CUBAL一级联赛,200069,2022-23,2022,1.4559,1.1238,,,,,,,,,
CUBAL一级联赛,CUBAL一级联赛,5764,96.1,3,Miscellaneous,2,0.4,5,1,1,0,1,0,1,0,0,0,2,0.5,0.5,0.5,0,0.4,1,0.2,32005,王家绘,Wang Jiahui,11,,,1003320449,北京大学,SF,,,小前锋,20005,CUBAL一级联赛,200069,2022-23,2022,2.4265,1.873,,,,,,,,,
CUBAL一级联赛,CUBAL一级联赛,6771,112.9,8,Transition,8,1,8,5,2,3,2,2,0,0,0,0,1,0.571429,0.7143,0.2857,0,0.125,0,0,92136,冯蔡依曼,Feng Caiyiman,12,,,1003320449,北京大学,C,,,中锋,20005,CUBAL一级联赛,200406,2024-25,2024,3.8143,2.5509,,,,,,,,,
CUBAL一级联赛,CUBAL一级联赛,6771,112.9,8,Isolation,0,0,1,0,0,0,0,0,0,0,0,0,0,0,0,0,0,0,1,1,92136,冯蔡依曼,Feng Caiyiman,12,,,1003320449,北京大学,C,,,中锋,20005,CUBAL一级联赛,200406,2024-25,2024,0.4768,0.3189,,,,,,,,,
CUBAL一级联赛,CUBAL一级联赛,6771,112.9,8,Post-Up,5,0.4167,12,7,2,5,0,0,0,0,0,0,3,0.285714,1,0,0,0.25,2,0.1667,92136,冯蔡依曼,Feng Caiyiman,12,,,1003320449,北京大学,C,,,中锋,20005,CUBAL一级联赛,200406,2024-25,2024,5.7214,3.8264,79.63,81.48,3.7,14.81,100,0,0,20.37,61.11
CUBAL一级联赛,CUBAL一级联赛,6771,112.9,8,Spot-Up,0,0,2,0,0,0,0,0,0,0,0,0,2,0,0,0,0,1,0,0,92136,冯蔡依曼,Feng Caiyiman,12,,,1003320449,北京大学,C,,,中锋,20005,CUBAL一级联赛,200406,2024-25,2024,0.9536,0.6377,,,,,,,,,
CUBAL一级联赛,CUBAL一级联赛,6771,112.9,8,Cut,14,1,14,7,5,2,4,2,2,0,0,0,3,0.636364,0.6364,0.3636,0,0.2143,0,0,92136,冯蔡依曼,Feng Caiyiman,12,,,1003320449,北京大学,C,,,中锋,20005,CUBAL一级联赛,200406,2024-25,2024,6.675,4.4641,61.92,69.04,74.9,87.45,69.87,29.29,0,9.62,0
CUBAL一级联赛,CUBAL一级联赛,6771,112.9,8,Put-Backs,10,1.6667,6,5,4,1,0,0,0,0,0,0,0,0.8,1,0,0,0,1,0.1667,92136,冯蔡依曼,Feng Caiyiman,12,,,1003320449,北京大学,C,,,中锋,20005,CUBAL一级联赛,200406,2024-25,2024,2.8607,1.9132,,,,,,,,,
CUBAL一级联赛,CUBAL一级联赛,6771,112.9,8,Miscellaneous,2,0.6667,3,0,0,0,1,1,0,0,0,0,2,1,0,1,0,0.6667,0,0,92136,冯蔡依曼,Feng Caiyiman,12,,,1003320449,北京大学,C,,,中锋,20005,CUBAL一级联赛,200406,2024-25,2024,1.4304,0.9566,,,,,,,,,
CUBAL一级联赛,CUBAL一级联赛,1231,20.5,1,Transition,4,2,2,1,1,0,1,1,0,0,0,0,0,1,0.5,0.5,0,0,0,0,92136,冯蔡依曼,Feng Caiyiman,12,,,1003320449,北京大学,PF,,,大前锋,20005,CUBAL一级联赛,200267,2023-24,2023,5.6886,3.5122,,,,,,,,,
CUBAL一级联赛,CUBAL一级联赛,1231,20.5,1,Post-Up,2,1,2,1,1,0,1,0,1,0,0,0,0,0.5,0.5,0.5,0,0,0,0,92136,冯蔡依曼,Feng Caiyiman,12,,,1003320449,北京大学,PF,,,大前锋,20005,CUBAL一级联赛,200267,2023-24,2023,5.6886,3.5122,,,,,,,,,
CUBAL一级联赛,CUBAL一级联赛,1231,20.5,1,Cut,0,0,2,0,0,0,2,0,2,0,0,0,0,0,0,1,0,0,0,0,92136,冯蔡依曼,Feng Caiyiman,12,,,1003320449,北京大学,PF,,,大前锋,20005,CUBAL一级联赛,200267,2023-24,2023,5.6886,3.5122,,,,,,,,,
CUBAL一级联赛,CUBAL一级联赛,1231,20.5,1,Put-Backs,0,0,1,1,0,1,0,0,0,0,0,0,0,0,1,0,0,0,0,0,92136,冯蔡依曼,Feng Caiyiman,12,,,1003320449,北京大学,PF,,,大前锋,20005,CUBAL一级联赛,200267,2023-24,2023,2.8443,1.7561,,,,,,,,,
CUBAL一级联赛,CUBAL一级联赛,19683,328.1,18,Transition,42,1.2727,33,21,12,9,5,4,1,0,0,0,1,0.615385,0.8077,0.1923,0,0.0303,6,0.1818,32006,李美潼,Li Meitong,13,,,1003320449,北京大学,PF,,,大前锋,20005,CUBAL一级联赛,200406,2024-25,2024,5.1199,3.6208,33.87,34.1,93.09,73.27,85.94,53.92,0,94.7,91.94
CUBAL一级联赛,CUBAL一级联赛,19683,328.1,18,Isolation,7,1,7,1,1,0,4,2,2,1,0,1,0,0.5,0.1667,0.6667,0.1667,0,1,0.1429,32006,李美潼,Li Meitong,13,,,1003320449,北京大学,PF,,,大前锋,20005,CUBAL一级联赛,200406,2024-25,2024,1.086,0.7681,,,,,,,,,
CUBAL一级联赛,CUBAL一级联赛,19683,328.1,18,Post-Up,15,0.8333,18,6,4,2,3,0,3,0,0,0,3,0.444444,0.6667,0.3333,0,0.1667,6,0.3333,32006,李美潼,Li Meitong,13,,,1003320449,北京大学,PF,,,大前锋,20005,CUBAL一级联赛,200406,2024-25,2024,2.7927,1.975,27.78,29.63,42.59,40.74,44.44,53.7,0,38.89,100
CUBAL一级联赛,CUBAL一级联赛,19683,328.1,18,Spot-Up,11,0.5,22,4,1,3,6,2,4,4,1,3,7,0.321429,0.2857,0.4286,0.2857,0.3182,1,0.0455,32006,李美潼,Li Meitong,13,,,1003320449,北京大学,PF,,,大前锋,20005,CUBAL一级联赛,200406,2024-25,2024,3.4132,2.4139,1.95,1.73,30.95,43.51,83.33,88.1,8.01,4.33,57.36
CUBAL一级联赛,CUBAL一级联赛,19683,328.1,18,Off-Screen,8,2,4,2,2,0,2,2,0,0,0,0,0,1,0.5,0.5,0,0,0,0,32006,李美潼,Li Meitong,13,,,1003320449,北京大学,PF,,,大前锋,20005,CUBAL一级联赛,200406,2024-25,2024,0.6206,0.4389,,,,,,,,,
CUBAL一级联赛,CUBAL一级联赛,19683,328.1,18,Cut,58,1.3488,43,19,12,7,15,11,4,0,0,0,3,0.676471,0.5588,0.4412,0,0.0698,6,0.1395,32006,李美潼,Li Meitong,13,,,1003320449,北京大学,PF,,,大前锋,20005,CUBAL一级联赛,200406,2024-25,2024,6.6713,4.7181,66.95,68.62,94.56,92.05,57.32,42.26,0,68.62,83.68
CUBAL一级联赛,CUBAL一级联赛,19683,328.1,18,P&R-Roll-Man,2,1,2,1,0,1,0,0,0,0,0,0,0,0,1,0,0,0,1,0.5,32006,李美潼,Li Meitong,13,,,1003320449,北京大学,PF,,,大前锋,20005,CUBAL一级联赛,200406,2024-25,2024,0.3103,0.2194,,,,,,,,,
CUBAL一级联赛,CUBAL一级联赛,19683,328.1,18,Put-Backs,13,0.6842,19,6,2,4,7,0,7,0,0,0,0,0.153846,0.4615,0.5385,0,0,6,0.3158,32006,李美潼,Li Meitong,13,,,1003320449,北京大学,PF,,,大前锋,20005,CUBAL一级联赛,200406,2024-25,2024,2.9478,2.0847,38.52,40,17.04,2.22,8.89,92.59,0,100,96.3
CUBAL一级联赛,CUBAL一级联赛,19683,328.1,18,Miscellaneous,12,1.3333,9,4,4,0,1,1,0,0,0,0,2,1,0.8,0.2,0,0.2222,2,0.2222,32006,李美潼,Li Meitong,13,,,1003320449,北京大学,PF,,,大前锋,20005,CUBAL一级联赛,200406,2024-25,2024,1.3963,0.9875,,,,,,,,,
CUBAL一级联赛,CUBAL一级联赛,23911,398.5,18,Transition,56,1.2727,44,30,20,10,7,4,3,0,0,0,2,0.648649,0.8108,0.1892,0,0.0455,5,0.1136,32006,李美潼,Li Meitong,13,,,1003320449,北京大学,PF,,,大前锋,20005,CUBAL一级联赛,200267,2023-24,2023,5.5509,3.9749,54.55,54.01,94.39,84.22,93.32,37.43,0,92.78,71.93
CUBAL一级联赛,CUBAL一级联赛,23911,398.5,18,Isolation,5,1,5,1,1,0,1,0,1,0,0,0,1,0.5,0.5,0.5,0,0.2,2,0.4,32006,李美潼,Li Meitong,13,,,1003320449,北京大学,PF,,,大前锋,20005,CUBAL一级联赛,200267,2023-24,2023,0.6308,0.4517,,,,,,,,,
CUBAL一级联赛,CUBAL一级联赛,23911,398.5,18,Post-Up,10,0.7143,14,9,4,5,3,0,3,0,0,0,1,0.333333,0.75,0.25,0,0.0714,1,0.0714,32006,李美潼,Li Meitong,13,,,1003320449,北京大学,PF,,,大前锋,20005,CUBAL一级联赛,200267,2023-24,2023,1.7662,1.2647,18,18,34,34,70,28,0,90,22
CUBAL一级联赛,CUBAL一级联赛,23911,398.5,18,Spot-Up,4,0.5,8,0,0,0,2,2,0,1,0,1,5,0.666667,0,0.6667,0.3333,0.625,0,0,32006,李美潼,Li Meitong,13,,,1003320449,北京大学,PF,,,大前锋,20005,CUBAL一级联赛,200267,2023-24,2023,1.0092,0.7227,,,,,,,,,
CUBAL一级联赛,CUBAL一级联赛,23911,398.5,18,Off-Screen,3,0.75,4,0,0,0,2,0,2,1,1,0,1,0.5,0,0.6667,0.3333,0.25,0,0,32006,李美潼,Li Meitong,13,,,1003320449,北京大学,PF,,,大前锋,20005,CUBAL一级联赛,200267,2023-24,2023,0.5046,0.3614,,,,,,,,,
CUBAL一级联赛,CUBAL一级联赛,23911,398.5,18,Hand-Off,2,2,1,1,1,0,0,0,0,0,0,0,0,1,1,0,0,0,0,0,32006,李美潼,Li Meitong,13,,,1003320449,北京大学,PF,,,大前锋,20005,CUBAL一级联赛,200267,2023-24,2023,0.1262,0.0903,,,,,,,,,
CUBAL一级联赛,CUBAL一级联赛,23911,398.5,18,Cut,50,0.9434,53,19,12,7,24,8,16,0,0,0,5,0.465116,0.4419,0.5581,0,0.0943,5,0.0943,32006,李美潼,Li Meitong,13,,,1003320449,北京大学,PF,,,大前锋,20005,CUBAL一级联赛,200267,2023-24,2023,6.6863,4.788,77.27,75.25,58.08,47.98,45.96,54.04,0,50.51,62.12
CUBAL一级联赛,CUBAL一级联赛,23911,398.5,18,P&R-Roll-Man,2,0.5,4,0,0,0,2,1,1,0,0,0,1,0.5,0,1,0,0.25,1,0.25,32006,李美潼,Li Meitong,13,,,1003320449,北京大学,PF,,,大前锋,20005,CUBAL一级联赛,200267,2023-24,2023,0.5046,0.3614,,,,,,,,,
CUBAL一级联赛,CUBAL一级联赛,23911,398.5,18,Put-Backs,13,1,13,5,2,3,3,0,3,0,0,0,0,0.25,0.625,0.375,0,0,5,0.3846,32006,李美潼,Li Meitong,13,,,1003320449,北京大学,PF,,,大前锋,20005,CUBAL一级联赛,200267,2023-24,2023,1.64,1.1744,19.59,19.59,49.48,8.25,29.9,74.23,0,100,97.94
CUBAL一级联赛,CUBAL一级联赛,23911,398.5,18,Miscellaneous,19,0.8261,23,6,5,1,1,0,1,0,0,0,9,0.714286,0.8571,0.1429,0,0.3913,7,0.3043,32006,李美潼,Li Meitong,13,,,1003320449,北京大学,PF,,,大前锋,20005,CUBAL一级联赛,200267,2023-24,2023,2.9016,2.0778,56.7,57.73,96.39,82.47,88.66,46.39,0,93.3,96.39
CUBAL一级联赛,CUBAL一级联赛,4914,81.9,3,Transition,6,0.6667,9,5,3,2,0,0,0,0,0,0,1,0.6,1,0,0,0.1111,3,0.3333,32006,李美潼,Li Meitong,13,,,1003320449,北京大学,PF,,,大前锋,20005,CUBAL一级联赛,200069,2022-23,2022,5.166,3.956,,,,,,,,,
CUBAL一级联赛,CUBAL一级联赛,4914,81.9,3,Isolation,0,0,3,0,0,0,2,0,2,0,0,0,1,0,0,1,0,0.3333,0,0,32006,李美潼,Li Meitong,13,,,1003320449,北京大学,PF,,,大前锋,20005,CUBAL一级联赛,200069,2022-23,2022,1.722,1.3187,,,,,,,,,
CUBAL一级联赛,CUBAL一级联赛,4914,81.9,3,Post-Up,2,0.2857,7,1,1,0,2,0,2,0,0,0,1,0.333333,0.3333,0.6667,0,0.1429,3,0.4286,32006,李美潼,Li Meitong,13,,,1003320449,北京大学,PF,,,大前锋,20005,CUBAL一级联赛,200069,2022-23,2022,4.018,3.0769,,,,,,,,,
CUBAL一级联赛,CUBAL一级联赛,4914,81.9,3,Spot-Up,4,0.8,5,1,1,0,3,1,2,0,0,0,1,0.5,0.25,0.75,0,0.2,0,0,32006,李美潼,Li Meitong,13,,,1003320449,北京大学,PF,,,大前锋,20005,CUBAL一级联赛,200069,2022-23,2022,2.87,2.1978,,,,,,,,,
CUBAL一级联赛,CUBAL一级联赛,4914,81.9,3,Cut,4,0.5714,7,2,1,1,3,1,2,0,0,0,1,0.4,0.4,0.6,0,0.1429,1,0.1429,32006,李美潼,Li Meitong,13,,,1003320449,北京大学,PF,,,大前锋,20005,CUBAL一级联赛,200069,2022-23,2022,4.018,3.0769,,,,,,,,,
CUBAL一级联赛,CUBAL一级联赛,4914,81.9,3,Put-Backs,0,0,1,0,0,0,0,0,0,0,0,0,1,0,0,0,0,1,0,0,32006,李美潼,Li Meitong,13,,,1003320449,北京大学,PF,,,大前锋,20005,CUBAL一级联赛,200069,2022-23,2022,0.574,0.4396,,,,,,,,,
CUBAL一级联赛,CUBAL一级联赛,17592,293.2,17,Transition,11,0.7333,15,6,3,3,3,1,2,0,0,0,3,0.444444,0.6667,0.3333,0,0.2,3,0.2,32013,王雨桐,Wang Yutong,16,,,1003320449,北京大学,C,,,中锋,20005,CUBAL一级联赛,200406,2024-25,2024,2.5581,1.8417,3,2.53,31.8,33.87,62.21,81.11,0,37.79,93.55
CUBAL一级联赛,CUBAL一级联赛,17592,293.2,17,Isolation,2,0.5,4,2,1,1,1,0,1,0,0,0,1,0.333333,0.6667,0.3333,0,0.25,0,0,32013,王雨桐,Wang Yutong,16,,,1003320449,北京大学,C,,,中锋,20005,CUBAL一级联赛,200406,2024-25,2024,0.6822,0.4911,,,,,,,,,
CUBAL一级联赛,CUBAL一级联赛,17592,293.2,17,Post-Up,38,1.2667,30,14,11,3,6,3,3,0,0,0,2,0.7,0.7,0.3,0,0.0667,8,0.2667,32013,王雨桐,Wang Yutong,16,,,1003320449,北京大学,C,,,中锋,20005,CUBAL一级联赛,200406,2024-25,2024,5.1162,3.6835,77.78,75.93,87.04,88.89,46.3,51.85,0,77.78,85.19
CUBAL一级联赛,CUBAL一级联赛,17592,293.2,17,Spot-Up,4,0.6667,6,1,0,1,0,0,0,1,0,1,2,0,0.5,0,0.5,0.3333,2,0.3333,32013,王雨桐,Wang Yutong,16,,,1003320449,北京大学,C,,,中锋,20005,CUBAL一级联赛,200406,2024-25,2024,1.0232,0.7367,,,,,,,,,
CUBAL一级联赛,CUBAL一级联赛,17592,293.2,17,Off-Screen,5,1.25,4,2,2,0,0,0,0,1,0,1,0,0.666667,0.6667,0,0.3333,0,1,0.25,32013,王雨桐,Wang Yutong,16,,,1003320449,北京大学,C,,,中锋,20005,CUBAL一级联赛,200406,2024-25,2024,0.6822,0.4911,,,,,,,,,
CUBAL一级联赛,CUBAL一级联赛,17592,293.2,17,Cut,29,0.8286,35,14,9,5,8,1,7,0,0,0,8,0.454545,0.6364,0.3636,0,0.2286,5,0.1429,32013,王雨桐,Wang Yutong,16,,,1003320449,北京大学,C,,,中锋,20005,CUBAL一级联赛,200406,2024-25,2024,5.9688,4.2974,58.16,56.9,54.39,57.32,69.87,29.29,0,7.53,84.1
CUBAL一级联赛,CUBAL一级联赛,17592,293.2,17,P&R-Roll-Man,2,0.6667,3,1,0,1,1,1,0,0,0,0,1,0.5,0.5,0.5,0,0.3333,0,0,32013,王雨桐,Wang Yutong,16,,,1003320449,北京大学,C,,,中锋,20005,CUBAL一级联赛,200406,2024-25,2024,0.5116,0.3683,,,,,,,,,
CUBAL一级联赛,CUBAL一级联赛,17592,293.2,17,Put-Backs,47,1.5667,30,21,16,5,8,6,2,0,0,0,0,0.758621,0.7241,0.2759,0,0,1,0.0333,32013,王雨桐,Wang Yutong,16,,,1003320449,北京大学,C,,,中锋,20005,CUBAL一级联赛,200406,2024-25,2024,5.1162,3.6835,82.96,82.96,97.04,94.81,41.48,63.7,0,100,13.33
CUBAL一级联赛,CUBAL一级联赛,17592,293.2,17,Miscellaneous,2,0.2857,7,1,0,1,3,1,2,0,0,0,3,0.25,0.25,0.75,0,0.4286,0,0,32013,王雨桐,Wang Yutong,16,,,1003320449,北京大学,C,,,中锋,20005,CUBAL一级联赛,200406,2024-25,2024,1.1938,0.8595,,,,,,,,,
CUBAL一级联赛,CUBAL一级联赛,20053,334.2,18,Transition,26,1.1818,22,14,7,7,3,3,0,1,0,1,1,0.555556,0.7778,0.1667,0.0556,0.0455,3,0.1364,32013,王雨桐,Wang Yutong,16,,,1003320449,北京大学,C,,,中锋,20005,CUBAL一级联赛,200267,2023-24,2023,3.3309,2.3698,16.84,15.78,87.43,62.3,90.37,30.75,24.6,92.78,81.02
CUBAL一级联赛,CUBAL一级联赛,20053,334.2,18,Isolation,11,2.2,5,3,3,0,0,0,0,0,0,0,0,1,1,0,0,0,2,0.4,32013,王雨桐,Wang Yutong,16,,,1003320449,北京大学,C,,,中锋,20005,CUBAL一级联赛,200267,2023-24,2023,0.757,0.5386,,,,,,,,,
CUBAL一级联赛,CUBAL一级联赛,20053,334.2,18,Post-Up,54,0.9818,55,27,14,13,16,9,7,0,0,0,9,0.534884,0.6279,0.3721,0,0.1636,3,0.0545,32013,王雨桐,Wang Yutong,16,,,1003320449,北京大学,C,,,中锋,20005,CUBAL一级联赛,200267,2023-24,2023,8.3273,5.9246,88,88,72,62,56,42,0,58,16
CUBAL一级联赛,CUBAL一级联赛,20053,334.2,18,Spot-Up,7,0.5385,13,3,2,1,5,0,5,4,1,3,1,0.291667,0.25,0.4167,0.3333,0.0769,0,0,32013,王雨桐,Wang Yutong,16,,,1003320449,北京大学,C,,,中锋,20005,CUBAL一级联赛,200267,2023-24,2023,1.9683,1.4004,2.4,1.92,37.26,37.26,90.38,75.48,15.38,68.99,0
CUBAL一级联赛,CUBAL一级联赛,20053,334.2,18,Off-Screen,2,1,2,1,1,0,0,0,0,1,0,1,0,0.5,0.5,0,0.5,0,0,0,32013,王雨桐,Wang Yutong,16,,,1003320449,北京大学,C,,,中锋,20005,CUBAL一级联赛,200267,2023-24,2023,0.3028,0.2154,,,,,,,,,
CUBAL一级联赛,CUBAL一级联赛,20053,334.2,18,Cut,43,0.8776,49,24,16,8,16,2,14,0,0,0,5,0.45,0.6,0.4,0,0.102,4,0.0816,32013,王雨桐,Wang Yutong,16,,,1003320449,北京大学,C,,,中锋,20005,CUBAL一级联赛,200267,2023-24,2023,7.4188,5.2783,82.32,82.83,48.99,44.44,71.21,28.79,0,41.41,53.03
CUBAL一级联赛,CUBAL一级联赛,20053,334.2,18,P&R-Roll-Man,9,1.2857,7,3,3,0,3,1,2,0,0,0,0,0.666667,0.5,0.5,0,0,1,0.1429,32013,王雨桐,Wang Yutong,16,,,1003320449,北京大学,C,,,中锋,20005,CUBAL一级联赛,200267,2023-24,2023,1.0598,0.754,,,,,,,,,
CUBAL一级联赛,CUBAL一级联赛,20053,334.2,18,Put-Backs,39,1.1471,34,25,15,10,4,1,3,0,0,0,0,0.551724,0.8621,0.1379,0,0,5,0.1471,32013,王雨桐,Wang Yutong,16,,,1003320449,北京大学,C,,,中锋,20005,CUBAL一级联赛,200267,2023-24,2023,5.1478,3.6625,87.63,86.6,63.92,60.82,76.29,25.77,0,100,56.7
CUBAL一级联赛,CUBAL一级联赛,20053,334.2,18,Miscellaneous,6,0.6667,9,3,2,1,0,0,0,0,0,0,5,0.666667,1,0,0,0.5556,1,0.1111,32013,王雨桐,Wang Yutong,16,,,1003320449,北京大学,C,,,中锋,20005,CUBAL一级联赛,200267,2023-24,2023,1.3626,0.9695,,,,,,,,,
CUBAL一级联赛,CUBAL一级联赛,2676,44.6,3,Transition,2,1,2,1,1,0,0,0,0,0,0,0,0,1,1,0,0,0,1,0.5,32013,王雨桐,Wang Yutong,16,,,1003320449,北京大学,PF,,,大前锋,20005,CUBAL一级联赛,200069,2022-23,2022,2.2388,1.6143,,,,,,,,,
CUBAL一级联赛,CUBAL一级联赛,2676,44.6,3,P&R-Ball-Handler,2,2,1,0,0,0,1,1,0,0,0,0,0,1,0,1,0,0,0,0,32013,王雨桐,Wang Yutong,16,,,1003320449,北京大学,PF,,,大前锋,20005,CUBAL一级联赛,200069,2022-23,2022,1.1194,0.8072,,,,,,,,,
CUBAL一级联赛,CUBAL一级联赛,2676,44.6,3,Isolation,0,0,3,0,0,0,2,0,2,0,0,0,0,0,0,1,0,0,1,0.3333,32013,王雨桐,Wang Yutong,16,,,1003320449,北京大学,PF,,,大前锋,20005,CUBAL一级联赛,200069,2022-23,2022,3.3582,2.4215,,,,,,,,,
CUBAL一级联赛,CUBAL一级联赛,2676,44.6,3,Post-Up,4,0.4,10,6,2,4,2,0,2,0,0,0,1,0.25,0.75,0.25,0,0.1,1,0.1,32013,王雨桐,Wang Yutong,16,,,1003320449,北京大学,PF,,,大前锋,20005,CUBAL一级联赛,200069,2022-23,2022,11.194,8.0717,33.33,33.33,0,0,33.33,33.33,0,66.67,0
CUBAL一级联赛,CUBAL一级联赛,2676,44.6,3,Spot-Up,0,0,3,0,0,0,2,0,2,0,0,0,1,0,0,1,0,0.3333,0,0,32013,王雨桐,Wang Yutong,16,,,1003320449,北京大学,PF,,,大前锋,20005,CUBAL一级联赛,200069,2022-23,2022,3.3582,2.4215,,,,,,,,,
CUBAL一级联赛,CUBAL一级联赛,2676,44.6,3,Cut,0,0,4,1,0,1,1,0,1,0,0,0,1,0,0.5,0.5,0,0.25,1,0.25,32013,王雨桐,Wang Yutong,16,,,1003320449,北京大学,PF,,,大前锋,20005,CUBAL一级联赛,200069,2022-23,2022,4.4776,3.2287,,,,,,,,,
CUBAL一级联赛,CUBAL一级联赛,2676,44.6,3,Put-Backs,2,0.4,5,2,1,1,0,0,0,0,0,0,2,0.5,1,0,0,0.4,1,0.2,32013,王雨桐,Wang Yutong,16,,,1003320449,北京大学,PF,,,大前锋,20005,CUBAL一级联赛,200069,2022-23,2022,5.597,4.0359,,,,,,,,,
CUBAL一级联赛,CUBAL一级联赛,12211,203.5,14,Transition,9,0.8182,11,5,3,2,3,0,3,0,0,0,1,0.375,0.625,0.375,0,0.0909,2,0.1818,80546,陈怡静,Chen Yijing,21,,,1003320449,北京大学,PF,,,大前锋,20005,CUBAL一级联赛,200406,2024-25,2024,2.8081,1.9459,4.38,4.38,43.32,21.43,55.99,87.33,0,78.57,91.94
CUBAL一级联赛,CUBAL一级联赛,12211,203.5,14,Post-Up,6,1,6,5,3,2,1,0,1,0,0,0,0,0.5,0.8333,0.1667,0,0,0,0,80546,陈怡静,Chen Yijing,21,,,1003320449,北京大学,PF,,,大前锋,20005,CUBAL一级联赛,200406,2024-25,2024,1.5317,1.0614,,,,,,,,,
CUBAL一级联赛,CUBAL一级联赛,12211,203.5,14,Spot-Up,14,0.7778,18,2,0,2,4,1,3,6,4,2,6,0.583333,0.1667,0.3333,0.5,0.3333,0,0,80546,陈怡静,Chen Yijing,21,,,1003320449,北京大学,PF,,,大前锋,20005,CUBAL一级联赛,200406,2024-25,2024,4.5951,3.1843,9.31,11.04,69.7,94.59,65.37,77.92,24.68,3.25,0
CUBAL一级联赛,CUBAL一级联赛,12211,203.5,14,Cut,30,1.1538,26,6,4,2,14,7,7,0,0,0,2,0.55,0.3,0.7,0,0.0769,4,0.1538,80546,陈怡静,Chen Yijing,21,,,1003320449,北京大学,PF,,,大前锋,20005,CUBAL一级联赛,200406,2024-25,2024,6.6374,4.5995,64.85,67.36,86.61,74.06,15.9,83.26,0,62.76,87.45
CUBAL一级联赛,CUBAL一级联赛,12211,203.5,14,P&R-Roll-Man,0,0,1,0,0,0,0,0,0,0,0,0,0,0,0,0,0,0,1,1,80546,陈怡静,Chen Yijing,21,,,1003320449,北京大学,PF,,,大前锋,20005,CUBAL一级联赛,200406,2024-25,2024,0.2553,0.1769,,,,,,,,,
CUBAL一级联赛,CUBAL一级联赛,12211,203.5,14,Put-Backs,14,1.1667,12,8,4,4,3,3,0,0,0,0,1,0.636364,0.7273,0.2727,0,0.0833,0,0,80546,陈怡静,Chen Yijing,21,,,1003320449,北京大学,PF,,,大前锋,20005,CUBAL一级联赛,200406,2024-25,2024,3.0634,2.1229,42.96,43.7,65.19,80.74,42.96,62.22,0,31.85,0
CUBAL一级联赛,CUBAL一级联赛,12211,203.5,14,Miscellaneous,0,0,8,0,0,0,0,0,0,0,0,0,6,0,0,0,0,0.75,2,0.25,80546,陈怡静,Chen Yijing,21,,,1003320449,北京大学,PF,,,大前锋,20005,CUBAL一级联赛,200406,2024-25,2024,2.0423,1.4152,,,,,,,,,
CUBAL一级联赛,CUBAL一级联赛,1041,17.4,3,Transition,2,1,2,1,1,0,0,0,0,0,0,0,1,1,1,0,0,0.5,0,0,80546,陈怡静,Chen Yijing,21,,,1003320449,北京大学,PF,,,大前锋,20005,CUBAL一级联赛,200267,2023-24,2023,5.8634,4.1379,,,,,,,,,
CUBAL一级联赛,CUBAL一级联赛,1041,17.4,3,Off-Screen,0,0,1,0,0,0,1,0,1,0,0,0,0,0,0,1,0,0,0,0,80546,陈怡静,Chen Yijing,21,,,1003320449,北京大学,PF,,,大前锋,20005,CUBAL一级联赛,200267,2023-24,2023,2.9317,2.069,,,,,,,,,
CUBAL一级联赛,CUBAL一级联赛,1041,17.4,3,Cut,2,2,1,0,0,0,1,1,0,0,0,0,0,1,0,1,0,0,0,0,80546,陈怡静,Chen Yijing,21,,,1003320449,北京大学,PF,,,大前锋,20005,CUBAL一级联赛,200267,2023-24,2023,2.9317,2.069,,,,,,,,,
CUBAL一级联赛,CUBAL一级联赛,1041,17.4,3,P&R-Roll-Man,0,0,1,0,0,0,1,0,1,0,0,0,0,0,0,1,0,0,0,0,80546,陈怡静,Chen Yijing,21,,,1003320449,北京大学,PF,,,大前锋,20005,CUBAL一级联赛,200267,2023-24,2023,2.9317,2.069,,,,,,,,,
CUBAL一级联赛,CUBAL一级联赛,1041,17.4,3,Put-Backs,0,0,1,0,0,0,1,0,1,0,0,0,0,0,0,1,0,0,0,0,80546,陈怡静,Chen Yijing,21,,,1003320449,北京大学,PF,,,大前锋,20005,CUBAL一级联赛,200267,2023-24,2023,2.9317,2.069,,,,,,,,,
CUBAL一级联赛,CUBAL一级联赛,1041,17.4,3,Miscellaneous,0,0,1,0,0,0,0,0,0,0,0,0,1,0,0,0,0,1,0,0,80546,陈怡静,Chen Yijing,21,,,1003320449,北京大学,PF,,,大前锋,20005,CUBAL一级联赛,200267,2023-24,2023,2.9317,2.069,,,,,,,,,
CUBAL一级联赛,CUBAL一级联赛,26645,444.1,18,Transition,106,1.4133,75,40,34,6,3,3,0,24,9,15,5,0.753731,0.597,0.0448,0.3582,0.0667,3,0.04,32012,李若莹,Li Ruoying,31,,,1003320449,北京大学,SG,,,得分后卫,20005,CUBAL一级联赛,200406,2024-25,2024,8.5766,6.0797,78.57,79.72,97.93,95.39,52.76,15.9,75.58,87.1,32.26
CUBAL一级联赛,CUBAL一级联赛,26645,444.1,18,P&R-Ball-Handler,2,0.4,5,0,0,0,1,0,1,2,0,2,1,0,0,0.3333,0.6667,0.2,1,0.2,32012,李若莹,Li Ruoying,31,,,1003320449,北京大学,SG,,,得分后卫,20005,CUBAL一级联赛,200406,2024-25,2024,0.5718,0.4053,,,,,,,,,
CUBAL一级联赛,CUBAL一级联赛,26645,444.1,18,Isolation,3,1.5,2,2,1,1,0,0,0,0,0,0,0,0.5,1,0,0,0,0,0,32012,李若莹,Li Ruoying,31,,,1003320449,北京大学,SG,,,得分后卫,20005,CUBAL一级联赛,200406,2024-25,2024,0.2287,0.1621,,,,,,,,,
CUBAL一级联赛,CUBAL一级联赛,26645,444.1,18,Spot-Up,76,0.7835,97,3,1,2,2,0,2,78,24,54,13,0.445783,0.0361,0.0241,0.9398,0.134,1,0.0103,32012,李若莹,Li Ruoying,31,,,1003320449,北京大学,SG,,,得分后卫,20005,CUBAL一级联赛,200406,2024-25,2024,11.0924,7.8631,79.65,81.17,71,78.79,24.46,6.71,94.81,45.24,37.88
CUBAL一级联赛,CUBAL一级联赛,26645,444.1,18,Off-Screen,36,1.2,30,3,1,2,2,1,1,24,10,14,0,0.586207,0.1034,0.069,0.8276,0,1,0.0333,32012,李若莹,Li Ruoying,31,,,1003320449,北京大学,SG,,,得分后卫,20005,CUBAL一级联赛,200406,2024-25,2024,3.4306,2.4319,67.65,67.65,86.76,82.35,51.47,19.12,79.41,100,63.24
CUBAL一级联赛,CUBAL一级联赛,26645,444.1,18,Hand-Off,4,1,4,1,1,0,1,0,1,0,0,0,1,0.5,0.5,0.5,0,0.25,1,0.25,32012,李若莹,Li Ruoying,31,,,1003320449,北京大学,SG,,,得分后卫,20005,CUBAL一级联赛,200406,2024-25,2024,0.4574,0.3243,,,,,,,,,
CUBAL一级联赛,CUBAL一级联赛,26645,444.1,18,Cut,6,0.5,12,6,2,4,3,1,2,0,0,0,3,0.333333,0.6667,0.3333,0,0.25,0,0,32012,李若莹,Li Ruoying,31,,,1003320449,北京大学,SG,,,得分后卫,20005,CUBAL一级联赛,200406,2024-25,2024,1.3723,0.9728,0.84,0.84,12.13,27.62,74.9,24.69,0,6.28,0
CUBAL一级联赛,CUBAL一级联赛,26645,444.1,18,Put-Backs,0,0,3,0,0,0,1,0,1,1,0,1,1,0,0,0.5,0.5,0.3333,0,0,32012,李若莹,Li Ruoying,31,,,1003320449,北京大学,SG,,,得分后卫,20005,CUBAL一级联赛,200406,2024-25,2024,0.3431,0.2432,,,,,,,,,
CUBAL一级联赛,CUBAL一级联赛,26645,444.1,18,Miscellaneous,2,0.3333,6,0,0,0,0,0,0,1,0,1,4,0,0,0,1,0.6667,1,0.1667,32012,李若莹,Li Ruoying,31,,,1003320449,北京大学,SG,,,得分后卫,20005,CUBAL一级联赛,200406,2024-25,2024,0.6861,0.4864,,,,,,,,,
CUBAL一级联赛,CUBAL一级联赛,16033,267.2,15,Transition,50,1.0417,48,19,15,4,6,2,4,19,4,15,1,0.522727,0.4318,0.1364,0.4318,0.0208,3,0.0625,32012,李若莹,Li Ruoying,31,,,1003320449,北京大学,SF,,,小前锋,20005,CUBAL一级联赛,200267,2023-24,2023,9.3557,6.4671,89.57,91.44,76.2,52.94,38.5,23.8,79.14,95.19,46.52
CUBAL一级联赛,CUBAL一级联赛,16033,267.2,15,P&R-Ball-Handler,0,0,2,0,0,0,0,0,0,1,0,1,1,0,0,0,1,0.5,0,0,32012,李若莹,Li Ruoying,31,,,1003320449,北京大学,SF,,,小前锋,20005,CUBAL一级联赛,200267,2023-24,2023,0.3898,0.2695,,,,,,,,,
CUBAL一级联赛,CUBAL一级联赛,16033,267.2,15,Isolation,0,0,1,0,0,0,0,0,0,1,0,1,0,0,0,0,1,0,0,0,32012,李若莹,Li Ruoying,31,,,1003320449,北京大学,SF,,,小前锋,20005,CUBAL一级联赛,200267,2023-24,2023,0.1949,0.1347,,,,,,,,,
CUBAL一级联赛,CUBAL一级联赛,16033,267.2,15,Post-Up,3,1.5,2,1,1,0,0,0,0,0,0,0,0,1,1,0,0,0,1,0.5,32012,李若莹,Li Ruoying,31,,,1003320449,北京大学,SF,,,小前锋,20005,CUBAL一级联赛,200267,2023-24,2023,0.3898,0.2695,,,,,,,,,
CUBAL一级联赛,CUBAL一级联赛,16033,267.2,15,Spot-Up,54,0.8571,63,0,0,0,0,0,0,62,18,44,1,0.435484,0,0,1,0.0159,0,0,32012,李若莹,Li Ruoying,31,,,1003320449,北京大学,SF,,,小前锋,20005,CUBAL一级联赛,200267,2023-24,2023,12.2793,8.488,89.18,92.07,80.05,75,0,0,100,91.11,0
CUBAL一级联赛,CUBAL一级联赛,16033,267.2,15,Off-Screen,27,1.5882,17,1,0,1,2,1,1,13,8,5,0,0.8125,0.0625,0.125,0.8125,0,1,0.0588,32012,李若莹,Li Ruoying,31,,,1003320449,北京大学,SF,,,小前锋,20005,CUBAL一级联赛,200267,2023-24,2023,3.3135,2.2904,68.75,64.58,100,95.83,43.75,45.83,58.33,100,72.92
CUBAL一级联赛,CUBAL一级联赛,16033,267.2,15,Hand-Off,6,2,3,0,0,0,0,0,0,3,2,1,0,1,0,0,1,0,0,0,32012,李若莹,Li Ruoying,31,,,1003320449,北京大学,SF,,,小前锋,20005,CUBAL一级联赛,200267,2023-24,2023,0.5847,0.4042,,,,,,,,,
CUBAL一级联赛,CUBAL一级联赛,16033,267.2,15,Cut,7,1.4,5,4,3,1,0,0,0,0,0,0,0,0.75,1,0,0,0,1,0.2,32012,李若莹,Li Ruoying,31,,,1003320449,北京大学,SF,,,小前锋,20005,CUBAL一级联赛,200267,2023-24,2023,0.9745,0.6737,,,,,,,,,
CUBAL一级联赛,CUBAL一级联赛,16033,267.2,15,Put-Backs,4,1,4,3,1,2,1,1,0,0,0,0,0,0.5,0.75,0.25,0,0,0,0,32012,李若莹,Li Ruoying,31,,,1003320449,北京大学,SF,,,小前锋,20005,CUBAL一级联赛,200267,2023-24,2023,0.7796,0.5389,,,,,,,,,
CUBAL一级联赛,CUBAL一级联赛,16033,267.2,15,Miscellaneous,2,0.4,5,1,1,0,0,0,0,2,0,2,2,0.333333,0.3333,0,0.6667,0.4,0,0,32012,李若莹,Li Ruoying,31,,,1003320449,北京大学,SF,,,小前锋,20005,CUBAL一级联赛,200267,2023-24,2023,0.9745,0.6737,,,,,,,,,
CUBAL一级联赛,CUBAL一级联赛,3656,60.9,3,Transition,0,0,2,1,0,1,0,0,0,0,0,0,1,0,1,0,0,0.5,0,0,32012,李若莹,Li Ruoying,31,,,1003320449,北京大学,SF,,,小前锋,20005,CUBAL一级联赛,200069,2022-23,2022,1.6411,1.1823,,,,,,,,,
CUBAL一级联赛,CUBAL一级联赛,3656,60.9,3,Spot-Up,6,0.5455,11,0,0,0,2,0,2,8,2,6,1,0.3,0,0.2,0.8,0.0909,0,0,32012,李若莹,Li Ruoying,31,,,1003320449,北京大学,SF,,,小前锋,20005,CUBAL一级联赛,200069,2022-23,2022,9.0261,6.5025,59.38,59.38,53.13,46.88,0,34.38,68.75,46.88,0
CUBAL一级联赛,CUBAL一级联赛,3656,60.9,3,Off-Screen,0,0,2,0,0,0,0,0,0,1,0,1,1,0,0,0,1,0.5,0,0,32012,李若莹,Li Ruoying,31,,,1003320449,北京大学,SF,,,小前锋,20005,CUBAL一级联赛,200069,2022-23,2022,1.6411,1.1823,,,,,,,,,
CUBAL一级联赛,CUBAL一级联赛,3656,60.9,3,Hand-Off,0,0,1,0,0,0,1,0,1,0,0,0,0,0,0,1,0,0,0,0,32012,李若莹,Li Ruoying,31,,,1003320449,北京大学,SF,,,小前锋,20005,CUBAL一级联赛,200069,2022-23,2022,0.8206,0.5911,,,,,,,,,
CUBAL一级联赛,CUBAL一级联赛,3656,60.9,3,Cut,2,2,1,1,1,0,0,0,0,0,0,0,0,1,1,0,0,0,0,0,32012,李若莹,Li Ruoying,31,,,1003320449,北京大学,SF,,,小前锋,20005,CUBAL一级联赛,200069,2022-23,2022,0.8206,0.5911,,,,,,,,,
CUBAL一级联赛,CUBAL一级联赛,3656,60.9,3,Put-Backs,2,2,1,1,1,0,0,0,0,0,0,0,0,1,1,0,0,0,0,0,32012,李若莹,Li Ruoying,31,,,1003320449,北京大学,SF,,,小前锋,20005,CUBAL一级联赛,200069,2022-23,2022,0.8206,0.5911,,,,,,,,,
CUBAL一级联赛,CUBAL一级联赛,3656,60.9,3,Miscellaneous,0,0,1,0,0,0,0,0,0,0,0,0,1,0,0,0,0,1,0,0,32012,李若莹,Li Ruoying,31,,,1003320449,北京大学,SF,,,小前锋,20005,CUBAL一级联赛,200069,2022-23,2022,0.8206,0.5911,,,,,,,,,